,PR1,PR2,PR3,ROC1,ROC2,ROC3,/,%PR2,%PR3,%ROC2,%PR3.1,%ROC3
email-Eu,0.4632331666721021,0.5957213844840379,0.6186534468960192,0.6924008067029048,0.7638476785652459,0.7623381400824015,,28.60076249801799,3.8494610079916938,10.318715860912842,,-0.1976229718574012
email-Enron,0.3343962716464607,0.35074406935827823,0.40964048353584775,0.5721914556962026,0.5907832278481013,0.6210443037974683,,4.888749994527808,16.791848907189358,3.2492222606291117,,5.122196183461654
DAWN,0.511634334229353,0.6187428384193078,0.6179791242684092,0.7583308179966038,0.8197566928430675,0.8205052037572242,,20.934581013075768,-0.12342997825229715,8.100142231953807,,0.09130891161873364
NDC-classes,0.7242893638361251,0.6984015229466045,0.7017080283943805,0.7565921076559372,0.7012184033460629,0.7110383706128387,,-3.5742401010016547,0.4734390374502079,-7.318831871169305,,1.400414937759341
tags-ask-ubuntu,0.4059684677116947,0.5759212216786931,0.6167217277992687,0.6884945692425957,0.7476095094138171,0.7495902239424417,,41.86353559057528,7.084390118782298,8.58611568080385,,0.2649397183534509
tags-math-sx,0.5919302328992629,0.7416685470782216,0.7787495876562862,0.7879576282984098,0.8518490686028352,0.8553428446736948,,25.29661535372898,4.9996781883422345,8.108486803078309,,0.4101402701055941
threads-ask-ubuntu,0.9091806813599872,0.9381940315892454,0.9382328063131662,0.908877139386235,0.958842924583912,0.9592158274856348,,3.1911534004284983,0.004132910956073101,5.497529097433229,,0.03889092698730523
