,PR1,PR2,PR3,ROC1,ROC2,ROC3,/,%PR2,%PR3,%ROC2,%PR3.1,%ROC3
email-Eu,0.4632331666721021,0.5957213844840379,0.6186534468960192,0.6924008067029048,0.7638476785652459,0.7623381400824015,,28.60076249801799,3.8494610079916938,10.318715860912842,,-0.1976229718574012
email-Enron,0.3343962716464607,0.35074406935827823,0.40964048353584775,0.5721914556962026,0.5907832278481013,0.6210443037974683,,4.888749994527809,16.791848907189358,3.2492222606291117,,5.122196183461652
