,PR1,PR2,PR3,ROC1,ROC2,ROC3,/,%PR2,%PR3,%ROC2,%PR3.1,%ROC3
email-Eu,0.7255962774293387,0.7385313217645217,0.7460044916967677,0.8533622719246616,0.8566656856974693,0.8604685281999792,,1.7826778799099698,1.011896139271504,0.3871056738139072,,0.443912084492307
email-Enron,0.6254042230867135,0.6730932746937691,0.6626151086177926,0.7958860759493671,0.814873417721519,0.8303006329113924,,7.625316530752532,-1.5567182840660034,2.3856858846918474,,1.8932038834951488
