,PR1,PR2,PR3,ROC1,ROC2,ROC3,/,%PR2,%PR3,%ROC2,%PR3.1,%ROC3
email-Eu,0.7255962774293387,0.7385313217645217,0.7460044916967677,0.8533622719246616,0.8566656856974693,0.8604685281999792,,1.7826778799099698,1.011896139271504,0.3871056738139072,,0.443912084492307
email-Enron,0.6254042230867135,0.6730932746937691,0.6626151086177926,0.7958860759493671,0.814873417721519,0.8303006329113924,,7.625316530752532,-1.5567182840660034,2.3856858846918474,,1.8932038834951488
DAWN,0.7633387140795146,0.8073015599413038,0.781462198523086,0.8850347831422263,0.901286607736292,0.866925834094109,,5.759284188121206,-3.2007074803740685,1.8362921891459616,,-3.812413648138516
NDC-classes,0.3462490963326973,0.31315954613527114,0.2969927645752615,0.4939989088925259,0.5059101654846335,0.513911620294599,,-9.55657373489047,-5.1624744509708576,2.411190870605552,,1.5815959741193495
tags-ask-ubuntu,0.643921896978348,0.7286745303907103,0.7267576727248994,0.7662456914556122,0.8189706377705777,0.8122874596559783,,13.161943057080428,-0.2630608846425632,6.880945224606173,,-0.8160461201383864
tags-math-sx,0.7406790036730502,0.8158993844797633,0.8308416245482992,0.8598448353952044,0.8992282929167598,0.896718288421217,,10.155597827627476,1.831382686734525,4.580298200367026,,-0.2791287279675347
threads-ask-ubuntu,0.865244437915359,0.9440723878571436,0.9424898989536282,0.8561466187574004,0.9500162744565356,0.9520755698622694,,9.110483290907414,-0.16762368266138541,10.964203285107457,,0.21676422405624923
