,PR1,PR2,PR3,ROC1,ROC2,ROC3,/,%PR2,%PR3,%ROC2,%PR3.1,%ROC3
email-Eu,0.4581790470240363,0.5957855528779701,0.6044431888572808,0.6928673441124538,0.7510326143406156,0.7504526884326421,,30.03334760673045,1.4531463439302224,8.394863854158139,,-0.07721714036117854
email-Enron,0.3265669344455124,0.3605176657087257,0.3842773978677395,0.5747626582278481,0.6028481012658229,0.6014636075949367,,10.396255003850682,6.5904487959849725,4.886441844459755,,-0.2296587926509429
DAWN,0.5047282714047832,0.7233156178427128,0.7211668111232794,0.7535771955542366,0.847606624603997,0.8477065946149435,,43.30792603107951,-0.29707732923591723,12.477743435508845,,0.011794387637439872
NDC-classes,0.7279559681733305,0.7164856372607408,0.7073502337109279,0.7599563557010366,0.7353155119112567,0.7181305691943991,,-1.5756902084850553,-1.2750295434726742,-3.2424024886336404,,-2.3370842092246886
tags-ask-ubuntu,0.4035977464885379,0.6417535319381492,0.6552699594426183,0.6868991773840003,0.7539205049486714,0.754912709961139,,59.00820495695579,2.1061711127087053,9.757083684379463,,0.13160605209102427
tags-math-sx,0.5829649306585364,0.7949563727770637,0.8015301598452323,0.7829673438829761,0.8572282205510381,0.8588293458193015,,36.3643558934248,0.8269368349365045,9.484543288840053,,0.18677934648886926
threads-ask-ubuntu,0.902445361257252,0.9422042962619024,0.9420709990163275,0.8928173262733801,0.9598943569923779,0.959823877062499,,4.405688888384315,-0.01414738248421424,7.512962477887554,,-0.007342467362730045
