,PR1,PR2,PR3,ROC1,ROC2,ROC3,/,%PR2,%PR3,%ROC2,%PR3.1,%ROC3
email-Eu,0.4581790470240363,0.5957855528779701,0.6044431888572808,0.6928673441124538,0.7510326143406156,0.7504526884326421,,30.03334760673045,1.4531463439302224,8.394863854158139,,-0.07721714036117854
email-Enron,0.3265669344455124,0.3605176657087257,0.3842773978677395,0.5747626582278481,0.6028481012658229,0.6014636075949367,,10.396255003850682,6.590448795984971,4.886441844459755,,-0.22965879265094283
