,PR1,PR2,PR3,ROC1,ROC2,ROC3,/,%PR2,%PR3,%ROC2,%PR3.1,%ROC3
email-Eu,0.7018868827195263,0.7370570195655786,0.7373817263229321,0.7668875289962954,0.7735549458158779,0.7734597340996434,,5.010798422358646,0.04405449629187486,0.8694126019116295,,-0.012308332685285738
email-Enron,0.653548824807681,0.7739875803921439,0.7484368282330592,0.8028085443037974,0.8301028481012659,0.8360363924050633,,18.428425086665,-3.3011837407183267,3.399852180339997,,0.7147962830593251
DAWN,0.8784568778358217,0.8783796371031778,0.8811945213859649,0.8645692983068468,0.8643313162542621,0.8721107522910688,,-0.00879277453370452,0.3204632898902735,-0.027526081836460024,,0.9000525481964904
NDC-classes,0.2979265303833739,0.38472040427553145,0.40596141906431066,0.2864157119476269,0.6468448808874341,0.6686670303691581,,29.132643467659825,5.52115628719466,125.84126984126979,,3.3736294630306536
tags-ask-ubuntu,0.6167158173407201,0.6169379950525941,0.6169379950525941,0.6055358369559058,0.6055695105944036,0.6055695105944036,,0.03602594673700092,-1.7995698652512234e-14,0.005560965419815945,,0.0
tags-math-sx,0.7602250850560464,0.7606585146218746,0.7606585146218745,0.7437797808190463,0.7438740676669262,0.7438740676669262,,0.05701332070570974,-1.459555113475659e-14,0.01267671565044478,,0.0
threads-ask-ubuntu,0.9177878129720559,0.9177883398213874,0.9177883398213874,0.9596060300065096,0.9596085929130508,0.9596085929130507,,5.740426315725498e-05,0.0,0.00026707903672805726,,-1.1569540256563259e-14
