,PR1,PR2,PR3,ROC1,ROC2,ROC3,/,%PR2,%PR3,%ROC2,%PR3.1,%ROC3
email-Eu,0.7018868827195263,0.7370570195655786,0.7373817263229321,0.7668875289962954,0.7735549458158779,0.7734597340996434,,5.010798422358646,0.04405449629187486,0.8694126019116295,,-0.012308332685285738
email-Enron,0.653548824807681,0.7739875803921439,0.7484368282330592,0.8028085443037974,0.8301028481012659,0.8360363924050633,,18.428425086664998,-3.3011837407183267,3.399852180339997,,0.7147962830593251
