,PR1,PR2,PR3,ROC1,ROC2,ROC3,/,%PR2,%PR3,%ROC2,%PR3.1,%ROC3
email-Eu,0.7486398235571282,0.7588464791801556,0.7575074455157513,0.8891224942007409,0.8669580722224146,0.8650945192673891,,1.3633599632104658,-0.17645646400717466,-2.492842338698282,,-0.21495306575188167
email-Enron,0.6844757547337648,0.8991369727658365,0.8847207224976701,0.9066455696202532,0.9454113924050632,0.9378955696202532,,31.361405652062412,-1.6033430617162312,4.275741710296682,,-0.7949790794979064
DAWN,0.975227526337472,0.9752859408569492,0.9753275519776279,0.9869274895366544,0.9869728370931444,0.9869936552418384,,0.005989834976905077,0.004266555984825849,0.004594821501139156,,0.0021092929725642874
NDC-classes,0.6118657689151702,0.6824615152304999,0.6986712161415868,0.7528641571194762,0.7726859428987088,0.7817785051827605,,11.537783269113936,2.375181684144061,2.632850241545904,,1.176747469992939
tags-ask-ubuntu,0.8999732221841208,0.9001936426558474,0.8966558043431891,0.9460671515019768,0.9462357280129704,0.9434732631655472,,0.0244918922356072,-0.39300858671037775,0.017818662314395384,,-0.2919425641667799
tags-math-sx,0.9230886473992348,0.9231854301789147,0.9271301307598956,0.9581526271647488,0.958229406297438,0.9604742628261272,,0.010484667962577791,0.4272923349988815,0.008013246586434191,,0.2342713043386082
threads-ask-ubuntu,0.7028500064644836,0.6888762135078229,0.8579796057156094,0.6222455161950063,0.651115376926665,0.9272544607388347,,-1.9881614609285487,24.54771828260639,4.6396253537022005,,42.41016163918229
