,PR1,PR2,PR3,ROC1,ROC2,ROC3,/,%PR2,%PR3,%ROC2,%PR3.1,%ROC3
email-Eu,0.7486398235571282,0.7588464791801556,0.7575074455157513,0.8891224942007409,0.8669580722224146,0.8650945192673891,,1.3633599632104658,-0.17645646400717466,-2.492842338698282,,-0.21495306575188167
email-Enron,0.6844757547337648,0.8991369727658365,0.8847207224976701,0.9066455696202532,0.9454113924050632,0.9378955696202531,,31.361405652062412,-1.6033430617162312,4.275741710296682,,-0.7949790794979064
