,PR1,PR2,PR3,ROC1,ROC2,ROC3,/,%PR2,%PR3,%ROC2,%PR3.1,%ROC3
email-Eu,0.3581925135916354,0.3585294481262873,0.3951524690630829,0.6059606862168057,0.6107900841325347,0.643652840771388,,0.09406520847503637,10.214787412356618,0.7969820527269492,,5.380368393754481
email-Enron,0.3954058060443841,0.3950513131342313,0.41752928958326174,0.6669303797468354,0.667128164556962,0.6847310126582278,,-0.08965293496805403,5.689887794751571,0.02965599051007903,,2.6386006522383565
