,PR1,PR2,PR3,ROC1,ROC2,ROC3,/,%PR2,%PR3,%ROC2,%PR3.1,%ROC3
email-Eu,0.5040770788396253,0.7294887958861913,0.9117523529189978,0.7295324394463667,0.8701712802768167,0.9264000865051903,,44.717708165873965,24.98510711345345,19.277942038763765,,6.461809014253656
email-Enron,0.4340383530178081,0.5272693211349339,0.872391983834689,0.6461629746835443,0.7294303797468354,0.8825158227848102,,21.479891689041725,65.45472093026147,12.886440159167428,,20.986984815618236
