,PR1,PR2,PR3,ROC1,ROC2,ROC3,/,%PR2,%PR3,%ROC2,%PR3.1,%ROC3
email-Eu,0.5040770788396253,0.7294887958861913,0.9117523529189978,0.7295324394463667,0.8701712802768167,0.9264000865051903,,44.717708165873965,24.98510711345345,19.277942038763765,,6.461809014253656
email-Enron,0.4340383530178081,0.5272693211349339,0.8723919838346891,0.6461629746835443,0.7294303797468354,0.8825158227848102,,21.479891689041725,65.45472093026147,12.886440159167428,,20.98698481561824
DAWN,0.5480566242615286,0.6685793422461546,0.8385037319946329,0.7924763355115234,0.8713949693945597,0.8943309898024544,,21.990924413517064,25.41574036338029,9.958484606621894,,2.6321038350531767
NDC-classes,0.490906587402881,0.4148942914376474,0.799163149169214,0.4925800107276954,0.6084391203289827,0.8024316109422494,,-15.48406517976734,92.61849720805729,23.52087114337568,,31.88363208933294
tags-ask-ubuntu,0.4730799300895851,0.6527921306534503,0.6724520405797784,0.7714376012169075,0.8301130127640421,0.8310652255542599,,37.98770337389581,3.0116646637036366,7.605982837053426,,0.11470881380923452
tags-math-sx,0.742722172289734,0.7930516069170156,0.8316297334731402,0.8791227708602846,0.906980431564244,0.9109526137168478,,6.776347402168058,4.8645165358275815,3.168802086277294,,0.4379567644864224
threads-ask-ubuntu,0.7306043335567691,0.3193875997986829,0.31938759979868286,0.7916421054789816,0.5569054953842053,0.5569054953842053,,-56.28446408963629,-1.7380496696254873e-14,-29.651860161322443,,0.0
