,PR1,PR2,PR3,ROC1,ROC2,ROC3,/,%PR2,%PR3,%ROC2,%PR3.1,%ROC3
email-Eu,0.7099955247093963,0.8037150649753032,0.8265123116436076,0.8557076124567473,0.8849749134948097,0.90794723183391,,13.200018451421453,2.8364836820627377,3.4202454918024645,,2.5958157670686486
email-Enron,0.7956377637462151,0.7606327005143787,0.7665571197672392,0.8643196202531646,0.8401898734177214,0.836629746835443,,-4.399623148481168,0.7788804305749771,-2.791762013729985,,-0.4237288135593177
