,PR1,PR2,PR3,ROC1,ROC2,ROC3,/,%PR2,%PR3,%ROC2,%PR3.1,%ROC3
email-Eu,0.7099955247093963,0.8037150649753032,0.8265123116436076,0.8557076124567473,0.8849749134948097,0.90794723183391,,13.200018451421453,2.8364836820627377,3.4202454918024645,,2.5958157670686486
email-Enron,0.7956377637462151,0.7606327005143787,0.7665571197672392,0.8643196202531646,0.8401898734177214,0.8366297468354429,,-4.399623148481168,0.7788804305749771,-2.791762013729985,,-0.4237288135593177
DAWN,0.6586025046204242,0.7129127010690108,0.7280381913893224,0.8115964694402007,0.8461220993333821,0.8282895896658338,,8.246278455908312,2.1216469137989664,4.2540389458563554,,-2.107557488641143
NDC-classes,0.4538409565536946,0.4862149228931802,0.4888637133434046,0.4990166279277668,0.5322724834614697,0.5666011085285179,,7.133328509027022,0.5447776951112421,6.664278036546056,,6.449445750755802
tags-ask-ubuntu,0.6230113882460366,0.6874858012114998,0.6858777131049074,0.7403523817702996,0.7970387460486293,0.7814273893698572,,10.348833774448,-0.2339085554579611,7.6566734536307814,,-1.95866973295419
tags-math-sx,0.7565216985390787,0.819707337021784,0.8313880264692346,0.8573990058992843,0.8929302066851446,0.8895183406412797,,8.352125075159547,1.4249829079107266,4.144068344071998,,-0.3820977292873633
threads-ask-ubuntu,0.3210606947985988,0.9804367169876844,0.9801538170305005,0.2059007078747866,0.9917589740172532,0.9907389372139154,,205.37425878390744,-0.028854484158149337,381.668559692552,,-0.10285128040798525
