,PR1,PR2,PR3,ROC1,ROC2,ROC3,/,%PR2,%PR3,%ROC2,%PR3.1,%ROC3
email-Eu,0.4946752472230971,0.6734216268725967,0.911681328612294,0.7253849480968858,0.8615575259515571,0.9262262110726645,,36.134086080293706,35.380464813134544,18.772457053586873,,7.506020570092888
email-Enron,0.447294195005747,0.5021643406499212,0.8651048314733357,0.6706882911392404,0.7460443037974683,0.888251582278481,,12.26712670471147,72.27524167759151,11.235623709820118,,19.06150583244963
DAWN,0.5444784400506086,0.7573600298156113,0.8525982349135021,0.7909888139189948,0.88811482427158,0.9017639930487956,,39.0982588300862,12.575023944830788,12.279062439754279,,1.5368698285619369
NDC-classes,0.5194476635523004,0.4498483692300813,0.8529510974842635,0.5354013946003934,0.6373145002681925,0.8660826032540675,,-13.398711594206949,89.60857831808869,19.0348973117382,,35.89563753682141
tags-ask-ubuntu,0.4742571124040501,0.7008513145607573,0.7151306214311896,0.7711270451675343,0.8330312961548753,0.8339087571162833,,47.778767303685065,2.0374231415091875,8.027762918611126,,0.10533349292616798
tags-math-sx,0.7378198617803756,0.8451023751219753,0.8575163790135841,0.8760519497950269,0.9132940863416976,0.915609238460974,,14.540475107667149,1.4689349192536585,4.2511333437913725,,0.2534947016409651
threads-ask-ubuntu,0.25601240770451283,0.3489761664174767,0.3489761664174767,0.24307566725271804,0.5707169987339242,0.5707169987339242,,36.31220828181959,0.0,134.78985172981876,,0.0
