,PR1,PR2,PR3,ROC1,ROC2,ROC3,/,%PR2,%PR3,%ROC2,%PR3.1,%ROC3
email-Eu,0.4946752472230971,0.6734216268725967,0.911681328612294,0.7253849480968858,0.8615575259515571,0.9262262110726645,,36.134086080293706,35.380464813134544,18.772457053586873,,7.506020570092888
email-Enron,0.447294195005747,0.5021643406499212,0.8651048314733357,0.6706882911392404,0.7460443037974683,0.888251582278481,,12.26712670471147,72.27524167759152,11.235623709820118,,19.06150583244963
