,PR1,PR2,PR3,ROC1,ROC2,ROC3,/,%PR2,%PR3,%ROC2,%PR3.1,%ROC3
email-Eu,0.9506302521008404,0.9506302521008404,0.9506302521008404,0.9308823529411764,0.9308823529411764,0.9308823529411764,,-1.1678810159592809e-14,-1.1678810159592809e-14,1.1926566457268663e-14,,1.1926566457268663e-14
email-Enron,0.9443975225225224,0.9443975225225224,0.9443975225225225,0.921875,0.921875,0.921875,,1.1755886670050846e-14,1.1755886670050846e-14,0.0,,0.0
