,PR1,PR2,PR3,ROC1,ROC2,ROC3,/,%PR2,%PR3,%ROC2,%PR3.1,%ROC3
email-Eu,0.9506302521008404,0.9506302521008404,0.9506302521008404,0.9308823529411764,0.9308823529411764,0.9308823529411764,,-1.1678810159592809e-14,-1.1678810159592809e-14,1.1926566457268663e-14,,1.1926566457268663e-14
email-Enron,0.9443975225225224,0.9443975225225224,0.9443975225225224,0.921875,0.921875,0.921875,,1.1755886670050846e-14,1.1755886670050846e-14,0.0,,0.0
DAWN,0.9532911102052332,0.9532911102052332,0.9532911102052332,0.9346080305927342,0.9346080305927342,0.9346080305927342,,1.1646211873161578e-14,1.1646211873161578e-14,0.0,,0.0
NDC-classes,0.7864650089720584,0.7864650089720584,0.7864650089720584,0.7021276595744681,0.7021276595744681,0.7021276595744681,,0.0,0.0,0.0,,0.0
tags-ask-ubuntu,0.8294488532086457,0.8294488532086457,0.8294488532086457,0.7612262521588946,0.7612262521588946,0.7612262521588946,,0.0,0.0,0.0,,0.0
tags-math-sx,0.8916016960744084,0.8916016960744084,0.8916016960744084,0.8482423745041718,0.8482423745041718,0.8482423745041718,,0.0,0.0,0.0,,0.0
threads-ask-ubuntu,0.6442441517324049,0.6442441517324049,0.6442441517324049,0.501788908765653,0.501788908765653,0.501788908765653,,0.0,0.0,0.0,,0.0
