,PR1,PR2,PR3,ROC1,ROC2,ROC3,/,%PR2,%PR3,%ROC2,%PR3.1,%ROC3
email-Eu,0.6635315685361961,0.8627867205392342,0.8645761305131879,0.8141185121107266,0.9094455017301036,0.9114065743944636,,30.029490901632748,0.20739887753898906,11.709227612602415,,0.2156338846725159
email-Enron,0.7715936414355031,0.8940838811380372,0.8948251779399451,0.8453322784810126,0.9117879746835444,0.9117879746835444,,15.874967486078342,0.08291132605638406,7.861488067384199,,-1.217632887745074e-14
DAWN,0.8740531898104477,0.8782676032596268,0.8755367542839055,0.9063874369300908,0.9082727546670522,0.9068049452898286,,0.4821689913508729,-0.3109358657413687,0.20800351595193448,,-0.16160447064842665
NDC-classes,0.8737712932814105,0.8612728388589757,0.9253517527323702,0.9104237439656714,0.8664401930985159,0.917039156087967,,-1.430403415463261,7.44002492384261,-4.8311076197957625,,5.839867932315313
tags-ask-ubuntu,0.7089534821597421,0.7103750895934833,0.7112306750945432,0.8320703906895464,0.8336976848630242,0.8330597396429907,,0.20052196223233773,0.1204413715505596,0.1955716958188221,,-0.07651997020218168
tags-math-sx,0.8024448374784986,0.804858718330442,0.8087773123492066,0.8775906904978886,0.8795339449209675,0.8811219029206361,,0.3008157993175529,0.4868673134203144,0.2214306104337065,,0.1805453909810483
threads-ask-ubuntu,0.6791512373959657,0.890627344799664,0.9878457351156821,0.633830494487188,0.924092474793814,0.9924157188183975,,31.13829376422107,10.915720349669503,45.794890405433684,,7.393550525322483
