,PR1,PR2,PR3,ROC1,ROC2,ROC3,/,%PR2,%PR3,%ROC2,%PR3.1,%ROC3
email-Eu,0.6635315685361961,0.8627867205392342,0.8645761305131879,0.8141185121107266,0.9094455017301036,0.9114065743944636,,30.029490901632748,0.20739887753898906,11.709227612602415,,0.2156338846725159
email-Enron,0.7715936414355031,0.8940838811380372,0.8948251779399451,0.8453322784810126,0.9117879746835444,0.9117879746835443,,15.874967486078342,0.08291132605638406,7.861488067384199,,-1.217632887745074e-14
