,PR1,PR2,PR3,ROC1,ROC2,ROC3,/,%PR2,%PR3,%ROC2,%PR3.1,%ROC3
email-Eu,0.4540881247013498,0.5003914941268288,0.6702871202359124,0.7093646193771627,0.7505847750865052,0.8236038062283737,,10.197000737672315,33.952540781203204,5.810855881920745,,9.728285673454144
email-Enron,0.5227491849056206,0.5451404415029978,0.6196048476892323,0.7126186708860759,0.721123417721519,0.7385284810126582,,4.283365186197237,13.659673822938162,1.1934499028587393,,2.413603949533733
