,PR1,PR2,PR3,ROC1,ROC2,ROC3,/,%PR2,%PR3,%ROC2,%PR3.1,%ROC3
email-Eu,0.5460411941935263,0.8478359044938036,0.8628518377179657,0.7553578229408302,0.9179041304573624,0.9210855001211786,,55.26958652744361,1.7710895639796298,21.51911353531651,,0.3465906251267263
email-Enron,0.3937551615773373,0.6302903661339562,0.7923124783574305,0.5799050632911392,0.857001582278481,0.8931962025316456,,60.07164543801442,25.705947755044633,47.78308321964529,,4.223401800138473
