,PR1,PR2,PR3,ROC1,ROC2,ROC3,/,%PR2,%PR3,%ROC2,%PR3.1,%ROC3
email-Eu,0.5460411941935263,0.8478359044938036,0.8628518377179657,0.7553578229408302,0.9179041304573624,0.9210855001211786,,55.26958652744361,1.7710895639796298,21.51911353531651,,0.3465906251267263
email-Enron,0.3937551615773373,0.6302903661339562,0.7923124783574305,0.5799050632911392,0.857001582278481,0.8931962025316456,,60.07164543801442,25.70594775504464,47.78308321964529,,4.223401800138473
DAWN,0.6609612243147079,0.789515452343979,0.7911012576228971,0.8412662666566313,0.9054312879550992,0.9055836738137326,,19.44958695006013,0.20085804200664856,7.627195317538757,,0.016830195803988625
NDC-classes,0.5926653042247261,0.5246006137662742,0.5930002562064463,0.6957628659756319,0.7585015457355883,0.7723222404073468,,-11.48450735571374,13.038422114894091,9.017250392054374,,1.82210501078878
tags-ask-ubuntu,0.5692626535608553,0.7331885806919651,0.7401027257639283,0.7721165358761741,0.8285084154463245,0.8287935899198023,,28.796185048451605,0.9430241078547348,7.3035451191520675,,0.03442022653737817
tags-math-sx,0.6995767705773058,0.8470147783649817,0.8552574977210936,0.8250558958783737,0.8964563527590208,0.8970054052217555,,21.075314960216147,0.9731494144674832,8.654014502209275,,0.06124698219215211
threads-ask-ubuntu,0.6799480256546768,0.68015234877278,0.680153143629487,0.7316893142174676,0.7326363081843857,0.7326401525441973,,0.03004981416137145,0.00011686450961221843,0.12942569318931574,,0.0005247296330599687
