,PR1,PR2,PR3,ROC1,ROC2,ROC3,/,%PR2,%PR3,%ROC2,%PR3.1,%ROC3
email-Eu,0.8911306886941458,0.8910514364984011,0.8951465787944233,0.9467312086694596,0.9464953432815152,0.9484601668801718,,-0.008893442538805137,0.4595853985842821,-0.024913659313713542,,0.20758935715885266
email-Enron,0.6715844634132212,0.6897256210375461,0.6847982693146345,0.8615506329113924,0.8872626582278481,0.8916139240506329,,2.7012473653909947,-0.7143930242143871,2.984389348025708,,0.4904146232724119
DAWN,0.8884254343141154,0.9253826249316872,0.9003341000511187,0.9492228519446804,0.9614346167790248,0.9475248956590228,,4.159852835157027,-2.7068289597956987,1.2865013531149356,,-1.4467672452446128
NDC-classes,0.5039407932018294,0.6226467168732676,0.6164517048249291,0.6440261865793779,0.7703218767048554,0.7663211492998727,,23.55552979095625,-0.9949481592784856,19.61033460398139,,-0.5193578847969746
tags-ask-ubuntu,0.8575575264266331,0.8986477328410739,0.8983401181205508,0.9287558332386164,0.9445807052906235,0.9443377701674059,,4.791539360124342,-0.03423084589003232,1.7038786175721912,,-0.025718831843262933
tags-math-sx,0.8994764149147758,0.9428460328135656,0.9440678006735228,0.955352707028966,0.9725736440486932,0.972310175198572,,4.821651482979561,0.12958296661770952,1.802573739837116,,-0.027089861187713067
threads-ask-ubuntu,0.34879815625045724,0.4081409786618621,0.4080656963561612,0.30574001363466285,0.4921107329400126,0.4921568652577515,,17.01351378956064,-0.018445172045144967,60.95725485511664,,0.009374377482738366
