,PR1,PR2,PR3,ROC1,ROC2,ROC3,/,%PR2,%PR3,%ROC2,%PR3.1,%ROC3
email-Eu,0.8911306886941458,0.8910514364984011,0.8951465787944233,0.9467312086694596,0.9464953432815152,0.9484601668801718,,-0.008893442538805137,0.4595853985842821,-0.024913659313713542,,0.20758935715885266
email-Enron,0.6715844634132212,0.6897256210375461,0.6847982693146345,0.8615506329113924,0.8872626582278481,0.891613924050633,,2.7012473653909947,-0.7143930242143871,2.984389348025708,,0.4904146232724119
