,PR1,PR2,PR3,ROC1,ROC2,ROC3,/,%PR2,%PR3,%ROC2,%PR3.1,%ROC3
email-Eu,0.5288033083003777,0.8507186161214109,0.8639260986980228,0.7431689921407056,0.9178366166949418,0.9205285115812072,,60.87619021441043,1.5525089408325654,23.503082932874303,,0.2932869355287453
email-Enron,0.3740424069560793,0.6607225791600058,0.6444064227199189,0.5476661392405063,0.8670886075949367,0.8860759493670887,,76.64376201000891,-2.4694413290416146,58.32430480317803,,2.189781021897822
