,PR1,PR2,PR3,ROC1,ROC2,ROC3,/,%PR2,%PR3,%ROC2,%PR3.1,%ROC3
email-Eu,0.5288033083003777,0.8507186161214109,0.8639260986980228,0.7431689921407056,0.9178366166949418,0.9205285115812072,,60.87619021441043,1.5525089408325654,23.503082932874303,,0.2932869355287453
email-Enron,0.3740424069560793,0.6607225791600058,0.6444064227199189,0.5476661392405063,0.8670886075949367,0.8860759493670887,,76.64376201000891,-2.4694413290416146,58.32430480317803,,2.1897810218978218
DAWN,0.6528497706121694,0.8571191710259161,0.8603491712922443,0.8364751416485556,0.9147609383674906,0.9150034701247544,,31.288882926650285,0.37684377803172303,9.359010545686573,,0.02651313005303564
NDC-classes,0.6318219976833934,0.513659390632037,0.5931581308979463,0.7331332969630842,0.7675941080196399,0.7937806873977087,,-18.701882410648164,15.47693699673033,4.700483690933896,,3.41151385927506
tags-ask-ubuntu,0.5644970176943611,0.7578908748612698,0.7587278732146789,0.7677420938122966,0.8285677726609163,0.8286233752118117,,34.259500246220796,0.11043784549620334,7.922670821210799,,0.0067106823038582215
tags-math-sx,0.6886563579719771,0.8616587922082619,0.8632754558106681,0.8174557458261413,0.8960642093116012,0.8963715494127761,,25.1217362961346,0.18762224873989947,9.616234748710005,,0.034298892644194404
threads-ask-ubuntu,0.6627595828778559,0.6631198156941489,0.6631211518214439,0.6934315268259429,0.6950634575659563,0.695069864832309,,0.054353467773160614,0.00020149108251691337,0.23534129569841025,,0.0009218246597427718
