,PR1,PR2,PR3,ROC1,ROC2,ROC3,/,%PR2,%PR3,%ROC2,%PR3.1,%ROC3
email-Eu,0.9021312521025124,0.914017396147294,0.9152963988360564,0.9103495135546862,0.9121135269881938,0.9123671363778,,1.3175626071128321,0.1399319853378757,0.19377320548232047,,0.027804585953647664
email-Enron,0.7649331199662295,0.7649331199662295,0.7649331199662295,0.8720332278481012,0.8720332278481012,0.8720332278481012,,0.0,0.0,0.0,,0.0
