,PR1,PR2,PR3,ROC1,ROC2,ROC3,/,%PR2,%PR3,%ROC2,%PR3.1,%ROC3
email-Eu,0.9021312521025124,0.914017396147294,0.9152963988360564,0.9103495135546862,0.9121135269881938,0.9123671363778,,1.3175626071128321,0.1399319853378757,0.19377320548232047,,0.027804585953647664
email-Enron,0.7649331199662295,0.7649331199662295,0.7649331199662295,0.8720332278481012,0.8720332278481012,0.8720332278481012,,0.0,0.0,0.0,,0.0
DAWN,0.9119074617583688,0.9119176429734605,0.9124089897302172,0.91043608334383,0.9104279491218225,0.9112498402728679,,0.001116474589638946,0.05388060649365807,-0.0008934424015402883,,0.0902752548225535
NDC-classes,0.5495320230638671,0.4345860027071673,0.43189990061001376,0.6544826332060374,0.5062738679759957,0.5060920167303147,,-20.91707407983768,-0.6180829756184025,-22.645179216448998,,-0.03591954022988679
tags-ask-ubuntu,0.7664806075127935,0.7664929661679775,0.7664929661679775,0.7445609529984344,0.744562875938476,0.744562875938476,,0.0016123898064572975,0.0,0.0002582649592218431,,0.0
tags-math-sx,0.8522609244226328,0.8522422209660334,0.8522422209660334,0.8353717230493486,0.8353677212324226,0.8353677212324226,,-0.0021945692995427365,0.0,-0.0004790462515704078,,0.0
threads-ask-ubuntu,0.14296675191815858,0.6438497169325785,0.6438497169325785,0.495702005730659,0.504297994269341,0.504297994269341,,350.34926533208983,0.0,1.7341040462427824,,0.0
