,PR1,PR2,PR3,ROC1,ROC2,ROC3,/,%PR2,%PR3,%ROC2,%PR3.1,%ROC3
email-Eu,0.8633955702541953,0.8730865938408957,0.8742351425346454,0.9273530277325762,0.928114721462452,0.931122113353876,,1.1224314694882216,0.13155037562734564,0.0821363285714445,,0.3240323444805675
email-Enron,0.7483689021099915,0.7836958671520862,0.7729111170502049,0.9064477848101266,0.9268196202531644,0.930379746835443,,4.72052819705521,-1.3761397187243776,2.247436177176513,,0.384122919334195
