,PR1,PR2,PR3,ROC1,ROC2,ROC3,/,%PR2,%PR3,%ROC2,%PR3.1,%ROC3
email-Eu,0.8633955702541953,0.8730865938408957,0.8742351425346454,0.9273530277325762,0.928114721462452,0.931122113353876,,1.1224314694882216,0.13155037562734564,0.0821363285714445,,0.3240323444805675
email-Enron,0.7483689021099915,0.7836958671520862,0.7729111170502049,0.9064477848101266,0.9268196202531644,0.9303797468354428,,4.72052819705521,-1.3761397187243776,2.247436177176513,,0.384122919334195
DAWN,0.9781212991881132,0.9782147453370906,0.9788145816001922,0.9870199395357248,0.987106591911119,0.9874349765956691,,0.00955363604238076,0.06131948694914209,0.008779191982185408,,0.033267398601230964
NDC-classes,0.6627445906958461,0.6616726825619647,0.6535796338988542,0.7559556282960538,0.7548645208219675,0.7461356610292779,,-0.16173774164735558,-1.2231196596744107,-0.1443348568679406,,-1.1563478679836303
tags-ask-ubuntu,0.890460744285828,0.8921417804426361,0.9014723266321254,0.9388242141698434,0.94554325881418,0.9493549352177278,,0.1887827360830353,1.0458591217261344,0.7156871907354909,,0.4031202557911659
tags-math-sx,0.9257956876293963,0.9262702238746792,0.9399568292739766,0.9592231824150697,0.9599006522288072,0.9668312004621976,,0.051257124182326086,1.4776039482350016,0.07062692250950592,,0.7220068261541885
threads-ask-ubuntu,0.6808303716281947,0.66584972181529,0.670067159126893,0.6121803414816676,0.6638619926085776,0.6791317897801539,,-2.2003498135781934,0.6333917659535937,8.44222651805909,,2.300146316793221
