,PR1,PR2,PR3,ROC1,ROC2,ROC3,/,%PR2,%PR3,%ROC2,%PR3.1,%ROC3
email-Eu,0.5537246767762344,0.6079453140840781,0.6768884681831433,0.7632037011390784,0.8089923138178168,0.8440003635356438,,9.791985003000844,11.34035455194419,5.9995270738859166,,4.327364935349774
email-Enron,0.6629600427901721,0.6737169632309539,0.7275795418710929,0.7678006329113923,0.7869857594936709,0.8188291139240507,,1.6225593921934731,7.994837829498826,2.4987120041215967,,4.046242774566478
DAWN,0.6302037317031604,0.6365427025441694,0.6398992945349038,0.8012496803832463,0.8055667294135938,0.80905732783885,,1.0058605689112117,0.5273160743683861,0.5387894854800533,,0.43330965614694456
NDC-classes,0.5752160592267932,0.5777948464148928,0.5775457274428317,0.6216584833606109,0.6259319876341153,0.6279323513366066,,0.4483162712052885,-0.04311547145267413,0.6874360099458983,,0.3195816385822174
tags-ask-ubuntu,0.5301220599473359,0.5622684279435242,0.5755833684695203,0.7267901864244022,0.7477659159331241,0.7520923855735792,,6.063955912225543,2.3680754359079046,2.8860777017252373,,0.5785860987065846
tags-math-sx,0.6030347715034214,0.6560222907454776,0.6804975124907854,0.7479706719016943,0.7874469934652518,0.7984285366328361,,8.786809939657934,3.73085215099858,5.277790031952733,,1.3945755407940168
threads-ask-ubuntu,0.6964510896532667,0.6967745436277206,0.6967887779059037,0.7898551188932345,0.7906624344536651,0.7907098482246746,,0.04644317156785754,0.002042881490607276,0.10221058788121908,,0.005996714772750875
