,PR1,PR2,PR3,ROC1,ROC2,ROC3,/,%PR2,%PR3,%ROC2,%PR3.1,%ROC3
email-Eu,0.5537246767762344,0.6079453140840781,0.6768884681831433,0.7632037011390784,0.8089923138178168,0.8440003635356438,,9.791985003000844,11.34035455194419,5.9995270738859166,,4.327364935349774
email-Enron,0.6629600427901721,0.6737169632309539,0.7275795418710929,0.7678006329113923,0.7869857594936709,0.8188291139240507,,1.622559392193473,7.994837829498826,2.4987120041215967,,4.046242774566478
