,PR1,PR2,ROC1,ROC2,/,%PR2,%ROC2
email-Eu,0.8797155903631173,0.9533198639944666,0.7877478997023589,0.9081918730875088,,8.366826101259369,15.289659728786088
email-Enron,0.8631288650493569,0.9274932503010784,0.6999463231347289,0.8255501878690285,,7.457100307732253,17.94478527607362
contact-high-school,0.8648605608743233,0.9792191584399756,0.7661752661752662,0.9432841932841932,,13.222778646541881,23.115980758952432
contact-primary-school,0.8778139532944658,0.9697638487760591,0.7600366483424954,0.9198733966350161,,10.474872851644964,21.03013698630138
DAWN,0.8797566695077697,0.9226128519587158,0.8033528805369212,0.8946518931898031,,4.8713677243190965,11.364745787911055
NDC-classes,0.8465945522053491,0.8082207970309379,0.6098412698412699,0.7082539682539682,,-4.532719360696207,16.13742842269651
tags-ask-ubuntu,0.8743846444683309,0.9074234306178801,0.8020334000575478,0.8334506324286359,,3.7785185682941913,3.9171975093349016
tags-math-sx,0.9296572696801284,0.9647018930279287,0.8505772078198046,0.9215847600674664,,3.7696282803078933,8.348160707205885
threads-ask-ubuntu,0.9079171224417608,0.6489767739607397,0.7526279720683287,0.7429764446752848,,-28.520262706867396,-1.2823769181100324
