,PR1,PR2,ROC1,ROC2,/,%PR2,%ROC2
email-Eu,0.8797155903631173,0.9533198639944666,0.7877478997023589,0.9081918730875088,,8.366826101259369,15.289659728786088
email-Enron,0.8631288650493569,0.9274932503010784,0.6999463231347289,0.8255501878690285,,7.457100307732253,17.94478527607362
contact-high-school,0.8648605608743233,0.9792191584399756,0.7661752661752662,0.9432841932841932,,13.222778646541881,23.115980758952432
contact-primary-school,0.8778139532944658,0.9697638487760591,0.7600366483424954,0.9198733966350161,,10.474872851644964,21.03013698630138
DAWN,0.8797566695077697,0.9226128519587158,0.8033528805369212,0.8946518931898031,,4.871367724319099,11.364745787911055
