,PR1,PR2,ROC1,ROC2,/,%PR2,%ROC2
email-Eu,0.8797155903631173,0.9533198639944666,0.7877478997023589,0.9081918730875088,,8.366826101259369,15.289659728786088
email-Enron,0.8631288650493569,0.9274932503010784,0.6999463231347289,0.8255501878690285,,7.4571003077322535,17.94478527607362
