,PR1,PR2,ROC1,ROC2,/,%PR2,%ROC2
email-Eu,0.9674803626433921,0.9671679581881992,0.9144865928547145,0.9137553112885181,,-0.032290521570837644,-0.07996635182081617
email-Enron,0.9727027040922648,0.9800430121953202,0.9243156199677941,0.9377348362855608,,0.7546301734511429,1.4518002322880192
contact-high-school,0.9693161104181892,0.9891949762711316,0.923013923013923,0.9694922194922194,,2.050813520923119,5.035492457852696
contact-primary-school,0.9948186451428304,0.9968782544491512,0.9866316841579208,0.9919207063135099,,0.20703364541637428,0.5360685492381221
DAWN,0.9499614474075356,0.9651568391585904,0.8969437158087359,0.9041301254656936,,1.5995798347946977,0.8012107705641178
NDC-classes,0.7969936088583016,0.7969936088583016,0.5428571428571429,0.5428571428571429,,0.0,0.0
tags-ask-ubuntu,0.9029825403184508,0.9046271149993882,0.7889727303996344,0.7922014568067606,,0.18212696342470536,0.4092316860546872
tags-math-sx,0.9428706535008968,0.9574349298407404,0.8760183737721331,0.9033025148505311,,1.5446738410794656,3.1145626502002126
threads-ask-ubuntu,0.9542509969470184,0.9705999693205493,0.8623869844567559,0.9191200657894738,,1.7132779977004895,6.578610572196407
