,PR1,PR2,ROC1,ROC2,/,%PR2,%ROC2
email-Eu,0.9674803626433921,0.9671679581881992,0.9144865928547145,0.9137553112885181,,-0.032290521570837644,-0.07996635182081617
email-Enron,0.9727027040922648,0.9800430121953202,0.9243156199677941,0.937734836285561,,0.7546301734511429,1.4518002322880192
