,PR1,PR2,ROC1,ROC2,/,%PR2,%ROC2
email-Eu,0.8735529382493401,0.9537657950906472,0.7828920001595523,0.9102499083523752,,9.182369302318305,16.267621608966177
email-Enron,0.8589382868046924,0.8973321009364221,0.6902844873859366,0.774020397208803,,4.469915327043722,12.130637636080879
