,PR1,PR2,ROC1,ROC2,/,%PR2,%ROC2
email-Eu,0.8735529382493401,0.9537657950906472,0.7828920001595523,0.9102499083523752,,9.182369302318305,16.267621608966177
email-Enron,0.8589382868046924,0.8973321009364221,0.6902844873859366,0.774020397208803,,4.469915327043721,12.13063763608088
contact-high-school,0.8792312484338107,0.981023417013207,0.7741605241605242,0.9472768222768222,,11.577405689427032,22.36180904522612
contact-primary-school,0.8735722780203671,0.9691766689582956,0.7526653339996668,0.9178327502915208,,10.944073357568202,21.944336856083645
DAWN,0.8771953420066793,0.9565669258104056,0.8001782308936023,0.9072934527075937,,9.0483362146173,13.386420384664802
NDC-classes,0.8541203717857149,0.8273855941155757,0.6288888888888889,0.7412698412698413,,-3.1300948383006766,17.86976274608783
tags-ask-ubuntu,0.8732043878468434,0.9158153907196906,0.8010388274767302,0.8379951549260183,,4.879842962988072,4.613550077928236
tags-math-sx,0.927555252596396,0.9703452758804072,0.8465793528961116,0.9239698462085248,,4.613204783675603,9.141552182635161
threads-ask-ubuntu,0.913353721525329,0.6693351592018798,0.7652554151277315,0.7566789781471221,,-26.716764444330575,-1.1207286888885155
