,PR1,PR2,ROC1,ROC2,/,%PR2,%ROC2
email-Eu,0.9784463992373846,0.9784463992373846,0.9245858761987794,0.9245858761987794,,0.0,0.0
email-Enron,0.9755434782608696,0.9755434782608694,0.9130434782608696,0.9130434782608696,,-2.2761118276437747e-14,0.0
contact-high-school,0.9897704155768672,0.9897704155768672,0.963963963963964,0.9639639639639641,,0.0,-1.151726689097125e-14
contact-primary-school,0.9926564495530016,0.9926564495530016,0.9741379310344828,0.9741379310344828,,-1.1184363181492408e-14,0.0
DAWN,0.9844930798333412,0.9844930798333412,0.9457257794166948,0.9457257794166948,,1.1277103388203596e-14,-1.173937571322123e-14
NDC-classes,0.9143217893217894,0.9143217893217894,0.6984126984126984,0.6984126984126984,,0.0,0.0
tags-ask-ubuntu,0.9458633233579992,0.9458633233579992,0.8105112620664998,0.8105112620664998,,1.1737668616683945e-14,0.0
tags-math-sx,0.9708241872693816,0.9708241872693816,0.8978817888862689,0.8978817888862689,,-1.1435881379798122e-14,0.0
threads-ask-ubuntu,0.8580200501253129,0.8580200501253129,0.5030701754385964,0.5030701754385964,,0.0,0.0
