,PR1,PR2,ROC1,ROC2,/,%PR2,%ROC2
email-Eu,0.9784463992373846,0.9784463992373846,0.9245858761987794,0.9245858761987794,,0.0,0.0
email-Enron,0.9755434782608696,0.9755434782608694,0.9130434782608696,0.9130434782608696,,-2.2761118276437747e-14,0.0
contact-high-school,0.9897704155768672,0.9897704155768672,0.963963963963964,0.9639639639639641,,0.0,-1.151726689097125e-14
contact-primary-school,0.9926564495530016,0.9926564495530016,0.9741379310344828,0.9741379310344828,,-1.1184363181492408e-14,0.0
DAWN,0.9844930798333412,0.9844930798333413,0.9457257794166948,0.9457257794166947,,1.1277103388203596e-14,-1.173937571322123e-14
