,PR1,PR2,ROC1,ROC2,/,%PR2,%ROC2
email-Eu,0.9784463992373846,0.9784463992373846,0.9245858761987794,0.9245858761987794,,0.0,0.0
email-Enron,0.9755434782608696,0.9755434782608694,0.9130434782608696,0.9130434782608696,,-2.2761118276437747e-14,0.0
