,PR1,PR2,ROC1,ROC2,/,%PR2,%ROC2
email-Eu,0.9487726904856256,0.9476403245767252,0.8818125525905411,0.8762595612690489,,-0.11935060107188974,-0.6297246852722783
email-Enron,0.9670653819366876,0.969682528831412,0.9146537842190016,0.9205582393988192,,0.27062770972975725,0.6455399061032893
contact-high-school,0.9729222918944168,0.9732495677570908,0.9295659295659296,0.9301801801801802,,0.033638438074726634,0.06607929515418108
contact-primary-school,0.9676739062967612,0.9754110654066648,0.9100449775112444,0.933616525070798,,0.7995626480735948,2.5901519311733523
DAWN,0.9710111906575772,0.9712912079043801,0.922405537738772,0.9231992408877707,,0.028837695126169616,0.08604709279439689
