,PR1,PR2,ROC1,ROC2,/,%PR2,%ROC2
email-Eu,0.9487726904856256,0.9476403245767252,0.8818125525905411,0.8762595612690489,,-0.11935060107188974,-0.6297246852722783
email-Enron,0.9670653819366876,0.9696825288314121,0.9146537842190016,0.9205582393988191,,0.27062770972975725,0.6455399061032893
