,PR1,PR2,ROC1,ROC2,/,%PR2,%ROC2
email-Eu,0.8797759403744962,0.8882729737454921,0.7942620039394233,0.8129875606156441,,0.9658178839692718,2.3576044911307443
email-Enron,0.8765388598828765,0.8851902683120998,0.7270531400966185,0.7485238862050456,,0.9869965640062208,2.953119232188982
contact-high-school,0.85824397910229,0.9659864262228658,0.7188779688779688,0.9074529074529076,,12.553824989634386,26.23184277983481
contact-primary-school,0.8842024213159775,0.9370479928540107,0.7987672830251541,0.8728135932033982,,5.9766372794345175,9.270072992700722
DAWN,0.8759719589736538,0.8805507241828582,0.7905895560371212,0.7952373877719638,,0.5227068243793098,0.587894401001218
NDC-classes,0.8289557996437166,0.8329441486645529,0.5507936507936508,0.5622222222222222,,0.4811292740277007,2.0749279538904744
tags-ask-ubuntu,0.8738764048935925,0.880819984079841,0.7939323663382365,0.801412003349866,,0.7945722241000341,0.9421000237245564
tags-math-sx,0.92520161428543,0.9297585106808468,0.8448504615949747,0.8603822871692333,,0.4925300956090808,1.8384112076989805
threads-ask-ubuntu,0.5734923710901281,0.5732291807216933,0.2440289319790705,0.24430594028931982,,-0.045892566615057,0.11351453616699823
