,PR1,PR2,ROC1,ROC2,/,%PR2,%ROC2
email-Eu,0.8797759403744962,0.8882729737454921,0.7942620039394233,0.8129875606156441,,0.9658178839692718,2.3576044911307443
email-Enron,0.8765388598828765,0.8851902683120998,0.7270531400966185,0.7485238862050456,,0.9869965640062209,2.953119232188982
