,PR1,PR2,ROC1,ROC2,/,%PR2,%ROC2
email-Eu,0.961577105299944,0.9909878935165364,0.7694557885559583,0.9241881949861576,,3.058599050922537,20.109330351596466
email-Enron,0.9511693019055996,0.9702115524280892,0.6293995859213249,0.7556935817805384,,2.001983294071819,20.06578947368424
