,PR1,PR2,ROC1,ROC2,/,%PR2,%ROC2
email-Eu,0.992890557401838,0.9929768613157388,0.9330098349622968,0.9337937258140993,,0.008692188001736144,0.08401742644375157
email-Enron,0.9856476538687432,0.9905939044731438,0.8757763975155279,0.9089026915113873,,0.5018274618709997,3.782505910165496
contact-high-school,0.9828741434577872,0.9931637177108824,0.8493038493038493,0.9328419328419328,,1.0468862490263586,9.836065573770494
contact-primary-school,0.9992347293591812,0.9993056828892436,0.9922244759972956,0.9929006085192698,,0.0071007870300664735,0.06814310051106066
DAWN,0.9904647116492746,0.9919159952026269,0.9155172851838936,0.9242985457723433,,0.1465255184039434,0.9591583611319587
