,PR1,PR2,ROC1,ROC2,/,%PR2,%ROC2
email-Eu,0.992890557401838,0.9929768613157388,0.9330098349622968,0.9337937258140993,,0.008692188001736144,0.08401742644375157
email-Enron,0.9856476538687432,0.9905939044731438,0.8757763975155279,0.9089026915113873,,0.5018274618709997,3.7825059101654963
