,PR1,PR2,ROC1,ROC2,/,%PR2,%ROC2
email-Eu,0.9590921313710477,0.9915013357021027,0.7604926658407134,0.9269528441854418,,3.3791544389719257,21.88846596708584
email-Enron,0.9469322175447004,0.9602756954998166,0.5983436853002071,0.7225672877846792,,1.4091270428747844,20.761245674740483
contact-high-school,0.9835295797706556,0.9936041734508856,0.8603603603603605,0.9402129402129402,,1.0243305221770107,9.281294621608746
contact-primary-school,0.95283026404662,0.9893229741822605,0.6391142663962137,0.8933400946585531,,3.8299276914922777,39.77783655117693
DAWN,0.9650432861632586,0.9878004607036664,0.7895685207456608,0.9086513943421395,,2.3581506515509747,15.082018908760197
