,PR1,PR2,ROC1,ROC2,/,%PR2,%ROC2
email-Eu,0.9590921313710477,0.9915013357021027,0.7604926658407134,0.9269528441854418,,3.3791544389719257,21.88846596708584
email-Enron,0.9469322175447004,0.9602756954998166,0.5983436853002071,0.7225672877846792,,1.4091270428747844,20.761245674740483
