,PR1,PR2,ROC1,ROC2,/,%PR2,%ROC2
email-Eu,0.9590921313710477,0.9915013357021027,0.7604926658407134,0.9269528441854418,,3.3791544389719257,21.88846596708584
email-Enron,0.9469322175447004,0.9602756954998166,0.5983436853002071,0.7225672877846792,,1.4091270428747844,20.761245674740483
contact-high-school,0.9835295797706556,0.9936041734508856,0.8603603603603605,0.9402129402129402,,1.0243305221770107,9.281294621608746
contact-primary-school,0.95283026404662,0.9893229741822605,0.6391142663962137,0.8933400946585531,,3.8299276914922777,39.77783655117693
DAWN,0.9650432861632586,0.9878004607036664,0.7895685207456608,0.9086513943421396,,2.3581506515509747,15.082018908760194
NDC-classes,0.9589476194954678,0.989101859227702,0.6388888888888888,0.8862433862433862,,3.1445137481126846,38.71635610766045
tags-ask-ubuntu,0.9642348756771184,0.9837851347266112,0.7948045113688078,0.8629607919848667,,2.0275411668514964,8.57522568646227
tags-math-sx,0.9804274307517096,0.9923438929938986,0.8533067095593233,0.9286220153221248,,1.2154354181066174,8.826287771919306
threads-ask-ubuntu,0.8721846264096559,0.8678294687417684,0.2938000153893506,0.29196868267159126,,-0.4993389628771042,-0.6233262838098871
