,PR1,PR2,ROC1,ROC2,/,%PR2,%ROC2
email-Eu,0.9936945464048892,0.9936945464048892,0.9302528334786401,0.93025283347864,,-1.1172679055569529e-14,-1.1934637387488796e-14
email-Enron,0.9906559877955758,0.9906559877955758,0.8985507246376812,0.8985507246376812,,1.1206948106129587e-14,0.0
contact-high-school,0.9955324176635652,0.9955324176635652,0.9504504504504504,0.9504504504504504,,0.0,1.1681019500795486e-14
contact-primary-school,0.9974423782872964,0.9974423782872964,0.971264367816092,0.971264367816092,,0.0,-1.1430698596732379e-14
DAWN,0.9949547578502572,0.9949547578502571,0.9444854173650687,0.9444854173650687,,-1.1158527720636794e-14,0.0
