,PR1,PR2,ROC1,ROC2,/,%PR2,%ROC2
email-Eu,0.9936945464048892,0.9936945464048892,0.9302528334786401,0.93025283347864,,-1.1172679055569529e-14,-1.1934637387488796e-14
email-Enron,0.9906559877955758,0.9906559877955758,0.8985507246376812,0.8985507246376812,,1.1206948106129587e-14,0.0
contact-high-school,0.9955324176635652,0.9955324176635652,0.9504504504504504,0.9504504504504504,,0.0,1.1681019500795486e-14
contact-primary-school,0.9974423782872964,0.9974423782872964,0.971264367816092,0.971264367816092,,0.0,-1.1430698596732379e-14
DAWN,0.9949547578502572,0.9949547578502572,0.9444854173650687,0.9444854173650687,,-1.1158527720636794e-14,0.0
NDC-classes,0.9703243616287096,0.9703243616287096,0.6587301587301587,0.6587301587301587,,0.0,0.0
tags-ask-ubuntu,0.9826499009043556,0.9826499009043556,0.8091577710812605,0.8091577710812605,,1.1298256109356878e-14,0.0
tags-math-sx,0.9907863816691362,0.9907863816691362,0.8986284681285861,0.8986284681285861,,0.0,0.0
threads-ask-ubuntu,0.9547448165869216,0.9547448165869217,0.5021929824561403,0.5021929824561403,,1.1628479205512189e-14,0.0
