,PR1,PR2,ROC1,ROC2,/,%PR2,%ROC2
email-Eu,0.9936945464048892,0.9936945464048892,0.9302528334786401,0.93025283347864,,-1.1172679055569529e-14,-1.1934637387488796e-14
email-Enron,0.990655987795576,0.9906559877955761,0.8985507246376812,0.8985507246376812,,1.1206948106129587e-14,0.0
