,PR1,PR2,ROC1,ROC2,/,%PR2,%ROC2
email-Eu,0.986616052470536,0.986637151160652,0.8853072087367504,0.8854142767555332,,0.002138490455652417,0.012093883086705295
email-Enron,0.9837643744551978,0.9847949611871712,0.8530020703933747,0.8571428571428572,,0.10475950936362767,0.4854368932038931
contact-high-school,0.9921359293006922,0.9922333033111096,0.9246519246519246,0.9254709254709256,,0.009814583621213195,0.08857395925598549
contact-primary-school,0.9845672225539585,0.9983848753219844,0.8637592968221771,0.9830966869506425,,1.403424007167655,13.816046966731903
DAWN,0.9907335937514388,0.9909311962681724,0.9139356869791776,0.9157655959221638,,0.019945070802070232,0.20022294446500494
NDC-classes,0.970964704068076,0.9729132959535692,0.7222222222222223,0.7619047619047619,,0.20068617091117397,5.494505494505472
tags-ask-ubuntu,0.9794107393699728,0.9778623969299464,0.8232449210111874,0.8112390044345631,,-0.15808918340249506,-1.4583650952717089
tags-math-sx,0.9852117968935812,0.9855290209379256,0.8721026556051363,0.8750468605486919,,0.032198563328681616,0.3375984380545873
threads-ask-ubuntu,0.9263216713878912,0.9023111184938339,0.4743084410587873,0.4219057787011388,,-2.5920318649225496,-11.048224703880718
