,PR1,PR2,ROC1,ROC2,/,%PR2,%ROC2
email-Eu,0.986616052470536,0.986637151160652,0.8853072087367504,0.8854142767555332,,0.002138490455652417,0.012093883086705295
email-Enron,0.9837643744551978,0.9847949611871712,0.8530020703933747,0.8571428571428572,,0.10475950936362768,0.4854368932038931
