,PR1,PR2,ROC1,ROC2,/,%PR2,%ROC2
email-Eu,0.986616052470536,0.986637151160652,0.8853072087367504,0.8854142767555332,,0.002138490455652417,0.012093883086705295
email-Enron,0.9837643744551978,0.9847949611871712,0.8530020703933747,0.8571428571428572,,0.10475950936362767,0.4854368932038931
contact-high-school,0.9921359293006922,0.9922333033111096,0.9246519246519246,0.9254709254709256,,0.009814583621213195,0.08857395925598549
contact-primary-school,0.9845672225539585,0.9983848753219844,0.8637592968221771,0.9830966869506425,,1.403424007167655,13.816046966731903
DAWN,0.9907335937514388,0.9909311962681724,0.9139356869791776,0.9157655959221638,,0.01994507080207023,0.20022294446500497
