,PR1,PR2,ROC1,ROC2,/,%PR2,%ROC2
email-Eu,0.9694660173623422,0.9714714704886708,0.7995763165542453,0.8137016473179461,,0.20686162180136325,1.7666019454620148
email-Enron,0.9577354158549326,0.9600036088833568,0.6728778467908902,0.6873706004140787,,0.23682877242243933,2.1538461538461635
