,PR1,PR2,ROC1,ROC2,/,%PR2,%ROC2
email-Eu,0.9694660173623422,0.9714714704886708,0.7995763165542453,0.8137016473179461,,0.20686162180136325,1.7666019454620148
email-Enron,0.9577354158549326,0.9600036088833568,0.6728778467908902,0.6873706004140787,,0.2368287724224393,2.1538461538461635
contact-high-school,0.9662765664697904,0.9909887601568154,0.7575757575757576,0.9164619164619164,,2.557465899986464,20.97297297297297
contact-primary-school,0.9613426761405328,0.9811210568925142,0.7478025693035836,0.8495605138607166,,2.0573705134349063,13.60759493670884
DAWN,0.9696061084236614,0.9701142909931874,0.7947259599613549,0.7968963630930741,,0.05241123845147636,0.27310082230417815
