,PR1,PR2,ROC1,ROC2,/,%PR2,%ROC2
email-Eu,0.9694660173623422,0.9714714704886708,0.7995763165542453,0.8137016473179461,,0.20686162180136325,1.7666019454620148
email-Enron,0.9577354158549326,0.9600036088833568,0.6728778467908902,0.6873706004140787,,0.2368287724224393,2.1538461538461635
contact-high-school,0.9662765664697904,0.9909887601568154,0.7575757575757576,0.9164619164619164,,2.557465899986464,20.97297297297297
contact-primary-school,0.9613426761405328,0.9811210568925142,0.7478025693035836,0.8495605138607166,,2.0573705134349063,13.60759493670884
DAWN,0.9696061084236614,0.9701142909931874,0.7947259599613549,0.7968963630930741,,0.05241123845147636,0.2731008223041781
NDC-classes,0.9549473974635799,0.9568386727977968,0.6044973544973544,0.6164021164021164,,0.19805021085351096,1.969365426695854
tags-ask-ubuntu,0.9634514677531631,0.9649947775649432,0.7801891329336466,0.7864893990929913,,0.16018552707995526,0.807530622178069
tags-math-sx,0.98120345893616,0.9822261295141712,0.8555966587525092,0.8626897253624274,,0.10422614888863084,0.8290199052740692
threads-ask-ubuntu,0.8667317728147461,0.8661097755675837,0.3270236995998769,0.32699099722991687,,-0.07176352208047317,-0.010000000000021545
