,PR1,PR2,ROC1,ROC2,/,%PR2,%ROC2
email-Eu,0.5356221882510556,0.8452942002587502,0.7685711254512713,0.9184936387325372,,57.81538158806557,19.506654402770874
email-Enron,0.4246694010411544,0.7623784597307919,0.5736012807549714,0.8641304347826088,,79.52281418479461,50.650018362100624
