,PR1,PR2,ROC1,ROC2,/,%PR2,%ROC2
email-Eu,0.8887283950729514,0.8894665189483987,0.9214310815066652,0.9222185642249079,,0.0830539318355706,0.08546300792839027
email-Enron,0.868010949445305,0.8764109142560969,0.9132962588473204,0.9198685540950454,,0.9677256739860005,0.71962358151122
