,PR1,PR2,ROC1,ROC2,/,%PR2,%ROC2
email-Eu,0.8887283950729514,0.8894665189483987,0.9214310815066652,0.9222185642249079,,0.0830539318355706,0.08546300792839027
email-Enron,0.868010949445305,0.8764109142560969,0.9132962588473204,0.9198685540950454,,0.9677256739860004,0.7196235815112201
contact-high-school,0.7881156978470847,0.9048778133000708,0.8694017758765961,0.9436450839328536,,14.815352082435133,8.539585507678543
contact-primary-school,0.9410223661012004,0.9675401769107701,0.9699666295884316,0.9811629323587056,,2.8179788031433133,1.1542977282656284
DAWN,0.7740070905228871,0.7660103645645797,0.8944067653731782,0.8864630589449927,,-1.0331592638130878,-0.8881536606972267
