,PR1,PR2,ROC1,ROC2,/,%PR2,%ROC2
email-Eu,0.8887283950729514,0.8894665189483987,0.9214310815066652,0.9222185642249079,,0.0830539318355706,0.08546300792839027
email-Enron,0.868010949445305,0.8764109142560969,0.9132962588473204,0.9198685540950454,,0.9677256739860004,0.7196235815112201
contact-high-school,0.7881156978470847,0.9048778133000708,0.8694017758765961,0.9436450839328536,,14.815352082435133,8.539585507678543
contact-primary-school,0.9410223661012004,0.9675401769107701,0.9699666295884316,0.9811629323587056,,2.8179788031433133,1.1542977282656284
DAWN,0.7740070905228871,0.7660103645645797,0.8944067653731782,0.8864630589449927,,-1.0331592638130878,-0.8881536606972267
NDC-classes,0.6086282746822486,0.6153638025715151,0.6408730158730158,0.6425518925518926,,1.1066735098337386,0.2619671350321669
tags-ask-ubuntu,0.677441321237096,0.7151914187196218,0.8038346711422313,0.8201202429660294,,5.572452742266916,2.0259852440373898
tags-math-sx,0.7622638763199532,0.819916618348479,0.8783648616949963,0.9058231204822592,,7.563357495944956,3.126065258835152
threads-ask-ubuntu,0.833624622152682,0.8589935316877737,0.8359230532471529,0.8961697060634042,,3.0432054021606523,7.2072007802898215
