,PR1,PR2,ROC1,ROC2,/,%PR2,%ROC2
email-Eu,0.5261867149284798,0.8729027029518105,0.7629377589223721,0.9238962778408047,,65.89219723467494,21.09720184065632
email-Enron,0.4153867990499812,0.744279050945489,0.5623104145601617,0.8535557802494103,,79.17734811209876,51.794410729002806
