,PR1,PR2,ROC1,ROC2,/,%PR2,%ROC2
email-Eu,0.5261867149284798,0.8729027029518105,0.7629377589223721,0.9238962778408047,,65.89219723467494,21.09720184065632
email-Enron,0.4153867990499812,0.744279050945489,0.5623104145601617,0.8535557802494103,,79.17734811209877,51.79441072900281
contact-high-school,0.5481499419446936,0.8972651671707922,0.7557197485255039,0.922062350119904,,63.68973131467067,22.011149228130346
contact-primary-school,0.4905203856697477,0.8589560334942143,0.7183113512368241,0.8986175115207373,,75.11117959377188,25.101393702529286
DAWN,0.5538806834655151,0.8177780939958481,0.7881834912489949,0.9047907981988587,,47.64517312269898,14.794436605755598
