,PR1,PR2,ROC1,ROC2,/,%PR2,%ROC2
email-Eu,0.9458186986247084,0.9458186986247084,0.9241499564080208,0.9241499564080208,,0.0,1.2013451030613724e-14
email-Enron,0.9431114318359493,0.9431114318359493,0.9202898550724636,0.9202898550724636,,0.0,1.2063840740021387e-14
contact-high-school,0.9613701104703676,0.9613701104703676,0.945945945945946,0.9459459459459459,,-1.1548341398735184e-14,-1.173664340318022e-14
contact-primary-school,0.9712832728372656,0.9712832728372656,0.9597701149425288,0.9597701149425288,,0.0,-1.1567593190705224e-14
DAWN,0.9616402091240924,0.9616402091240925,0.9462956754944688,0.9462956754944687,,1.154509778284334e-14,-1.1732305804367442e-14
