,PR1,PR2,ROC1,ROC2,/,%PR2,%ROC2
email-Eu,0.9458186986247084,0.9458186986247084,0.9241499564080208,0.9241499564080208,,0.0,1.2013451030613724e-14
email-Enron,0.9431114318359493,0.9431114318359493,0.9202898550724636,0.9202898550724637,,0.0,1.2063840740021387e-14
