,PR1,PR2,ROC1,ROC2,/,%PR2,%ROC2
email-Eu,0.7924291281408182,0.80530999908398,0.8759633401791588,0.8818187704508395,,1.6254918560834155,0.6684560874982594
email-Enron,0.8806672370125208,0.883681125352213,0.9297269969666329,0.9283788338388945,,0.3422278260192997,-0.14500634402753798
