,PR1,PR2,ROC1,ROC2,/,%PR2,%ROC2
email-Eu,0.7924291281408182,0.80530999908398,0.8759633401791588,0.8818187704508395,,1.6254918560834155,0.6684560874982594
email-Enron,0.8806672370125208,0.8836811253522131,0.9297269969666327,0.9283788338388944,,0.3422278260192997,-0.14500634402753798
contact-high-school,0.7638506491008688,0.7726039152517767,0.8473977574696999,0.8535549938427637,,1.1459394792963116,0.7266052239091415
contact-primary-school,0.8445457535252434,0.8360889949452049,0.8764500238360082,0.8514222151597013,,-1.0013381210833001,-2.8555887952134817
DAWN,0.8972593861478815,0.8980599972283145,0.925316476716592,0.9258529600831791,,0.08922849878118783,0.05797836524977235
