,PR1,PR2,ROC1,ROC2,/,%PR2,%ROC2
email-Eu,0.5446169468099821,0.6435330729784681,0.7790588874743279,0.8373035777037666,,18.16251344139646,7.476288527849955
email-Enron,0.5297452525804358,0.5944652819508642,0.6708796764408493,0.7240478597910348,,12.217198560094962,7.925144436071353
contact-high-school,0.619369944908166,0.8457526277173194,0.7783881003305464,0.8912437617473589,,36.55047918780095,14.498636524490507
contact-primary-school,0.5730375540921997,0.7672630717534425,0.7831320514857778,0.8734109327824566,,33.894029505436684,11.527925734287017
DAWN,0.5562921308010718,0.5613868624779197,0.7823223804170998,0.7887323253518945,,0.9158374520796141,0.8193482757552254
