,PR1,PR2,ROC1,ROC2,/,%PR2,%ROC2
email-Eu,0.5446169468099821,0.6435330729784681,0.7790588874743279,0.8373035777037666,,18.16251344139646,7.476288527849955
email-Enron,0.5297452525804358,0.5944652819508642,0.6708796764408493,0.7240478597910348,,12.217198560094962,7.925144436071354
