,PR1,PR2,PR3,ROC1,ROC2,ROC3,/,%PR2,%PR3,%ROC2,%PR3.1,%ROC3
email-Eu,0.9259739403690224,0.9644482821624994,0.9886431710767521,0.5928416955017302,0.7505730968858133,0.8901275951557094,,4.155013452985962,2.50867665604655,26.60598985882612,,18.59305893708669
email-Enron,0.9915949973739496,0.9823671918948969,0.9915976085036287,0.90625,0.8125,0.90625,,-0.9306022623642688,0.9396096169424362,-10.344827586206897,,11.538461538461538
