,PR1,PR2,PR3,ROC1,ROC2,ROC3,/,%PR2,%PR3,%ROC2,%PR3.1,%ROC3
email-Eu,0.9259739403690224,0.9644482821624994,0.9886431710767521,0.5928416955017302,0.7505730968858133,0.8901275951557094,,4.155013452985962,2.50867665604655,26.60598985882612,,18.59305893708669
email-Enron,0.9915949973739496,0.9823671918948969,0.9915976085036288,0.90625,0.8125,0.90625,,-0.9306022623642688,0.9396096169424362,-10.344827586206897,,11.538461538461535
DAWN,0.9759987496607848,0.9878561181725596,0.9899697307970186,0.8333013033129123,0.8979091875756038,0.9077087479351206,,1.2148958711162159,0.2139595620836924,7.753244115403793,,1.091375441426995
NDC-classes,0.95585880199712,0.9558588019971199,0.952924488944514,0.5744680851063829,0.5744680851063829,0.5531914893617021,,1.161492704053691e-14,-0.3069818519717709,1.932610450273421e-14,,-3.7037037037036895
tags-ask-ubuntu,0.9381481794743202,0.9741120916464732,0.97424044844376,0.6776588522790021,0.7929391394910811,0.7932740048178671,,3.8335001824876898,0.0131767995067182,17.011551878114677,,0.0422308989566313
tags-math-sx,0.9822065235776152,0.987082506687636,0.988015303600022,0.8771414473739607,0.9007291778350222,0.9041336668075632,,0.4964315541562989,0.09450039951737164,2.6891592606505847,,0.3779703218590143
threads-ask-ubuntu,0.9765085569581538,0.9788847821460944,0.9788847821460944,0.7795901772645959,0.8067165392746789,0.8067165392746789,,0.2433389007202013,0.0,3.4795669315977302,,0.0
