,PR1,PR2,PR3,ROC1,ROC2,ROC3,/,%PR2,%PR3,%ROC2,%PR3.1,%ROC3
email-Eu,0.9975085693277348,0.997629463494532,0.9976424818462016,0.9741782006920414,0.9753892733564014,0.9755622837370242,,0.012119611852422042,0.0013049285477374553,0.1243173644718808,,0.017737572613193846
email-Enron,0.997282037815126,0.997282037815126,0.997282037815126,0.96875,0.96875,0.96875,,0.0,0.0,0.0,,0.0
