,PR1,PR2,PR3,ROC1,ROC2,ROC3,/,%PR2,%PR3,%ROC2,%PR3.1,%ROC3
email-Eu,0.9975085693277348,0.997629463494532,0.9976424818462016,0.9741782006920414,0.9753892733564014,0.9755622837370242,,0.012119611852422042,0.0013049285477374553,0.1243173644718808,,0.017737572613193846
email-Enron,0.997282037815126,0.997282037815126,0.997282037815126,0.96875,0.96875,0.96875,,0.0,0.0,0.0,,0.0
DAWN,0.9822474730645441,0.9901341084667376,0.9886448789707144,0.8507168546194769,0.9096634734199608,0.8969436531782885,,0.8029173521401721,-0.15040684724308614,6.929052654875452,,-1.3982995484968732
NDC-classes,0.9013098276805926,0.996595063557338,0.996595063557338,0.2553191489361702,0.9574468085106383,0.9574468085106383,,10.5718625216758,0.0,275.00000000000006,,0.0
tags-ask-ubuntu,0.9682896371179588,0.9825222510596778,0.9836708790573621,0.7386721165227732,0.8562297346349542,0.8635910982312327,,1.4698715545568932,0.1169060544374846,15.914722578885474,,0.8597416439195413
tags-math-sx,0.9818895710402352,0.9871102582466862,0.9877412602309764,0.8501218157673698,0.8871709112498624,0.8889547373567668,,0.5316979994929633,0.06392416439994525,4.358092545719449,,0.20106904817148835
threads-ask-ubuntu,0.8805434771093658,1.0,1.0000000000000002,0.2327532932184095,1.0,1.0,,13.566226540316244,2.220446049250313e-14,329.6394633873672,,0.0
