,PR1,PR2,PR3,ROC1,ROC2,ROC3,/,%PR2,%PR3,%ROC2,%PR3.1,%ROC3
email-Eu,0.9195058655908456,0.9350251663434828,0.9888038095017632,0.5714316608996539,0.6812824394463669,0.8913494809688578,,1.6877870314253185,5.75157173240454,19.223782310865573,,30.83406078882625
email-Enron,0.9915949973739496,0.9756626386655592,0.9886206679794352,0.90625,0.75,0.875,,-1.606740529206422,1.3281260140901854,-17.24137931034483,,16.666666666666664
DAWN,0.9761107900443348,0.9895405067481708,0.9908208129373676,0.8335577060652175,0.9075462402934404,0.914232547703594,,1.3758393863493708,0.12938390904321614,8.876234205485718,,0.7367456459289187
NDC-classes,0.9517407512078272,0.9517407512078272,0.9454773310644876,0.5425531914893618,0.5425531914893618,0.5,,0.0,-0.6581014982694333,0.0,,-7.843137254901973
tags-ask-ubuntu,0.9384429593328286,0.9731925152228198,0.9738081001422976,0.6777375117125779,0.7920670712431841,0.7926819160512977,,3.702894837070954,0.06325417734403169,16.869297855700257,,0.07762534644301693
tags-math-sx,0.981626544310268,0.9897502945038632,0.9901416326121301,0.8731421703817178,0.9118004212306065,0.9139380093822606,,0.8275805336237443,0.0395390746979182,4.427486400294711,,0.2344359688679588
threads-ask-ubuntu,0.9731967800127306,0.9049710434654058,0.9045802506417246,0.7457147503659132,0.4633924215319564,0.4622540250447227,,-7.010477012309072,-0.043182909166318624,-37.85929253718325,,-0.24566575419387462
