,PR1,PR2,PR3,ROC1,ROC2,ROC3,/,%PR2,%PR3,%ROC2,%PR3.1,%ROC3
email-Eu,0.9195058655908456,0.9350251663434828,0.9888038095017632,0.5714316608996539,0.6812824394463669,0.8913494809688578,,1.6877870314253185,5.75157173240454,19.223782310865573,,30.83406078882625
email-Enron,0.9915949973739496,0.9756626386655591,0.9886206679794352,0.90625,0.75,0.875,,-1.606740529206422,1.3281260140901854,-17.24137931034483,,16.666666666666664
