,PR1,PR2,PR3,ROC1,ROC2,ROC3,/,%PR2,%PR3,%ROC2,%PR3.1,%ROC3
email-Eu,0.9939171122994652,0.9939171122994652,0.9939171122994652,0.9330882352941176,0.9330882352941176,0.9330882352941176,,0.0,0.0,1.1898371264698293e-14,,1.1898371264698293e-14
email-Enron,0.9919642857142856,0.9919642857142856,0.9919642857142856,0.90625,0.90625,0.90625,,0.0,0.0,0.0,,0.0
DAWN,0.9940066036379172,0.9940066036379172,0.9940066036379172,0.9340344168260036,0.9340344168260036,0.9340344168260036,,0.0,0.0,1.1886318155147536e-14,,1.1886318155147536e-14
NDC-classes,0.972465581977472,0.972465581977472,0.972465581977472,0.6489361702127661,0.6489361702127661,0.6489361702127661,,-1.1416579107792792e-14,-1.1416579107792792e-14,-1.710835480569913e-14,,-1.710835480569913e-14
tags-ask-ubuntu,0.9780417773716341,0.978041777371634,0.9780417773716341,0.7583215575443555,0.7583215575443555,0.7583215575443555,,1.135148876368802e-14,1.135148876368802e-14,0.0,,0.0
tags-math-sx,0.9864915271285878,0.9864915271285878,0.9864915271285878,0.8513883189714129,0.8513883189714129,0.8513883189714129,,0.0,0.0,0.0,,0.0
threads-ask-ubuntu,0.9552918485196342,0.9552918485196342,0.9552918485196342,0.5008944543828264,0.5008944543828264,0.5008944543828264,,0.0,0.0,0.0,,0.0
