,PR1,PR2,PR3,ROC1,ROC2,ROC3,/,%PR2,%PR3,%ROC2,%PR3.1,%ROC3
email-Eu,0.9939171122994652,0.9939171122994652,0.9939171122994652,0.9330882352941176,0.9330882352941176,0.9330882352941176,,0.0,0.0,1.1898371264698293e-14,,1.1898371264698293e-14
email-Enron,0.9919642857142856,0.9919642857142856,0.9919642857142856,0.90625,0.90625,0.90625,,0.0,0.0,0.0,,0.0
