,PR1,PR2,PR3,ROC1,ROC2,ROC3,/,%PR2,%PR3,%ROC2,%PR3.1,%ROC3
email-Eu,0.9868599705094696,0.9880779123727156,0.9882843054799922,0.8740051903114187,0.8848832179930796,0.8861159169550175,,0.12341587455587236,0.02088834338792555,1.2446182016133032,,0.13930640076253942
email-Enron,1.0,1.0,0.9855460712052416,1.0,1.0,0.8437500000000001,,0.0,-1.4453928794758375,0.0,,-15.624999999999993
DAWN,0.9902024606020248,0.990209430361958,0.9902008065003154,0.9036826394037538,0.9037270261833222,0.9036753229016272,,0.0007038722090073131,-0.0008709128976305209,0.004911766325145232,,-0.005721117129070635
NDC-classes,0.9983145598664998,0.9983145598664998,0.994840106255268,0.9787234042553192,0.9787234042553192,0.9361702127659576,,0.0,-0.3480319481362957,-1.1343583077691817e-14,,-4.347826086956529
tags-ask-ubuntu,0.9735718507991836,0.9731467578041292,0.9715992339462459,0.7960320493869005,0.7921396870668103,0.7786198849321333,,-0.043663238075893736,-0.15902265978619626,-0.4889705537720681,,-1.7067447011446961
tags-math-sx,0.9873351852642964,0.9873323228551756,0.9862207476318612,0.8910337121078166,0.8909489027739809,0.8822529288456705,,-0.00028991260148249193,-0.11258369624727124,-0.009518083623915484,,-0.9760350903666096
threads-ask-ubuntu,0.9612285537195534,0.9607362479576841,1.0,0.6493738819320215,0.6456984875589528,1.0,,-0.05121630646160158,4.086839871586203,-0.5659904833458475,,54.871045738464616
