,PR1,PR2,PR3,ROC1,ROC2,ROC3,/,%PR2,%PR3,%ROC2,%PR3.1,%ROC3
email-Eu,0.9868599705094696,0.9880779123727156,0.9882843054799922,0.8740051903114187,0.8848832179930796,0.8861159169550175,,0.12341587455587236,0.02088834338792555,1.2446182016133032,,0.13930640076253942
email-Enron,1.0,1.0,0.9855460712052416,1.0,1.0,0.8437500000000001,,0.0,-1.4453928794758375,0.0,,-15.62499999999999
