,PR1,PR2,PR3,ROC1,ROC2,ROC3,/,%PR2,%PR3,%ROC2,%PR3.1,%ROC3
email-Eu,0.9399470295467436,0.9423699914424416,0.9498197747657288,0.6611267301038062,0.6724589100346021,0.7008109861591696,,0.25777642989802485,0.7905369855723035,1.7140707544855471,,4.216179710238144
email-Enron,0.9140068025162368,0.9140642815109588,0.926592183296673,0.34375,0.34375,0.40625,,0.006288683471909946,1.3705711993258847,0.0,,18.181818181818183
