,PR1,PR2,ROC1,ROC2,/,%PR2,%ROC2
email-Eu,0.5654079558128268,0.8190691601062544,0.7526151386261427,0.9013688520028744,,44.86339494971661,19.764911140144385
email-Enron,0.3566564787514843,0.6808687402114527,0.5514829794405123,0.7849258510279744,,90.90323063663655,42.33002291825822
