,PR1,PR2,ROC1,ROC2,/,%PR2,%ROC2
email-Eu,0.8626233450053433,0.8621271024016726,0.9331031133522216,0.9327190417123696,,-0.05752714745596019,-0.041160685711592274
email-Enron,0.7753041630597862,0.8090238826997617,0.8653100775193799,0.8819093360296596,,4.34922463293612,1.9183017673693847
