,PR1,PR2,ROC1,ROC2,/,%PR2,%ROC2
email-Eu,0.544615638151497,0.8218745709057729,0.7394327842700312,0.9012447813543708,,50.90910237086326,21.88325978054661
email-Enron,0.3492980199890149,0.6158794645875016,0.5280165149983148,0.7675261206605998,,76.31919717348255,45.360248942791
contact-high-school,0.5002735647211829,0.9059144708030559,0.7399746316713826,0.926025303281621,,81.08381787231727,25.142844585091435
contact-primary-school,0.424751507776884,0.8821612820079339,0.6737380157847342,0.9126741352825892,,107.6887935313277,35.46424780848307
DAWN,0.6834377591596686,0.8746445857498383,0.8393428070442767,0.9152267460144308,,27.977211388681674,9.040875591390066
NDC-classes,0.7363992524563565,0.7344518982359008,0.8214285714285714,0.8194444444444444,,-0.2644427209777861,-0.2415458937198059
tags-ask-ubuntu,0.5965403843734476,0.7701735931951528,0.7831713620081575,0.8385522835310224,,29.106698116352,7.07136703528851
tags-math-sx,0.7122449386455421,0.8848327856032538,0.8288451775570231,0.9141758167823714,,24.231530137078643,10.295124051617906
threads-ask-ubuntu,0.2454663941446297,0.25151226106563807,0.30852900892582336,0.33441924438288706,,2.4630120722130773,8.391507672877607
