,PR1,PR2,ROC1,ROC2,/,%PR2,%ROC2
email-Eu,0.544615638151497,0.8218745709057729,0.7394327842700312,0.9012447813543708,,50.90910237086326,21.88325978054661
email-Enron,0.3492980199890149,0.6158794645875016,0.5280165149983148,0.7675261206605998,,76.31919717348255,45.360248942791
contact-high-school,0.5002735647211829,0.9059144708030559,0.7399746316713826,0.926025303281621,,81.08381787231727,25.142844585091435
contact-primary-school,0.424751507776884,0.8821612820079339,0.6737380157847342,0.9126741352825892,,107.6887935313277,35.46424780848307
DAWN,0.6834377591596686,0.8746445857498383,0.8393428070442767,0.9152267460144309,,27.97721138868167,9.040875591390064
