,PR1,PR2,ROC1,ROC2,/,%PR2,%ROC2
email-Eu,0.544615638151497,0.8218745709057729,0.7394327842700312,0.9012447813543708,,50.90910237086326,21.88325978054661
email-Enron,0.3492980199890149,0.6158794645875016,0.5280165149983148,0.7675261206605998,,76.31919717348255,45.360248942790996
