,PR1,PR2,ROC1,ROC2,/,%PR2,%ROC2
email-Eu,0.8919254259877025,0.8975436925258875,0.9059289044774604,0.9066818430208284,,0.6299031706561576,0.08311232146877814
email-Enron,0.8278879403383417,0.8258655416359899,0.8559993259184361,0.8554095045500505,,-0.24428411187210358,-0.06890441972635285
