,PR1,PR2,ROC1,ROC2,/,%PR2,%ROC2
email-Eu,0.8919254259877025,0.8975436925258875,0.9059289044774604,0.9066818430208284,,0.6299031706561576,0.08311232146877814
email-Enron,0.8278879403383417,0.8258655416359899,0.8559993259184361,0.8554095045500505,,-0.2442841118721036,-0.06890441972635285
contact-high-school,0.9330971375257664,0.9350707932226524,0.9457182814583536,0.9464337984193578,,0.21151663824835407,0.07565857349199058
contact-primary-school,0.9427096101673668,0.9441593379936944,0.9592602892102337,0.9595648604269292,,0.1537830749460911,0.031750633287076696
DAWN,0.915937708265602,0.9159461475886452,0.9140886756074476,0.9140901896672824,,0.0009213861343668301,0.0001656359908225962
NDC-classes,0.31526597913027793,0.33629948906319096,0.4445461945461945,0.5284900284900285,,6.671671326839018,18.88303959716184
tags-ask-ubuntu,0.7719805271102841,0.7721088897848583,0.7751264392287697,0.7751571618381172,,0.016627708869116273,0.003963561013106924
tags-math-sx,0.8750825357911196,0.8754261125483279,0.8735308165365331,0.8736379932410575,,0.03926221163786535,0.012269367318873865
threads-ask-ubuntu,0.6449445571220287,0.24422630875162005,0.5173787319175132,0.5144147814712219,,-62.13220096911207,-0.572878292717263
