,PR1,PR2,ROC1,ROC2,/,%PR2,%ROC2
email-Eu,0.8463313280713781,0.8472444811063643,0.9136085127061421,0.9095287778524159,,0.10789545473485848,-0.4465517557013123
email-Enron,0.8005887164252934,0.8007189121997511,0.9030586450960566,0.9023003033367037,,0.016262504302965525,-0.08397480755772962
