,PR1,PR2,ROC1,ROC2,/,%PR2,%ROC2
email-Eu,0.5170583208141419,0.5974592815164518,0.7530274910755801,0.8075221783886568,,15.549688974294677,7.236746062914612
email-Enron,0.4162604420507615,0.4663660531965402,0.6453067071115605,0.688953488372093,,12.037082096710146,6.763726578311688
contact-high-school,0.4802830828863173,0.8279825866042425,0.7331609587927277,0.883061762123134,,72.39470139743094,20.445824553620955
contact-primary-school,0.4930107728446481,0.7512076784612579,0.7118359023253351,0.8515546374278298,,52.37145308749064,19.627941586829106
DAWN,0.6345312230087033,0.6371446372781391,0.7992330801430891,0.8056205299608615,,0.4118653542443389,0.7991973776446828
NDC-classes,0.6933785244444508,0.6914067861864491,0.7417073667073666,0.7403337403337401,,-0.2843667907917214,-0.1851978873722621
tags-ask-ubuntu,0.5625139884937866,0.5981105197389044,0.7357089719576513,0.7624466467858246,,6.328114851051554,3.634273312859969
tags-math-sx,0.6343252361268115,0.7058213725317032,0.7592456735479693,0.8171676074280871,,11.271211096920405,7.628879017439441
threads-ask-ubuntu,0.6712778479135845,0.6725267295386372,0.7684739919975376,0.7715695213911973,,0.1860454100987314,0.402815114876336
