,PR1,PR2,ROC1,ROC2,/,%PR2,%ROC2
email-Eu,0.5170583208141419,0.5974592815164518,0.7530274910755801,0.8075221783886568,,15.549688974294677,7.236746062914612
email-Enron,0.4162604420507615,0.46636605319654023,0.6453067071115605,0.688953488372093,,12.037082096710144,6.763726578311687
