,PR1,PR2,ROC1,ROC2,/,%PR2,%ROC2
email-Eu,0.5170583208141419,0.5974592815164518,0.7530274910755801,0.8075221783886568,,15.549688974294677,7.236746062914612
email-Enron,0.4162604420507615,0.4663660531965402,0.6453067071115605,0.688953488372093,,12.037082096710146,6.763726578311688
contact-high-school,0.4802830828863173,0.8279825866042425,0.7331609587927277,0.883061762123134,,72.39470139743094,20.445824553620955
contact-primary-school,0.4930107728446481,0.7512076784612579,0.7118359023253351,0.8515546374278298,,52.37145308749064,19.627941586829106
DAWN,0.6345312230087033,0.6371446372781391,0.7992330801430891,0.8056205299608615,,0.4118653542443389,0.7991973776446828
