,PR1,PR2,ROC1,ROC2,/,%PR2,%ROC2
email-Eu,0.1897681433630116,0.32189664852564115,0.6753715579628903,0.7577969214257427,,69.62628332716417,12.204446943467744
email-Enron,0.08628655482406347,0.11419106327287434,0.4820940978785971,0.5492963663095988,,32.339347081022765,13.939657989325747
contact-high-school,0.1376695836839434,0.7339258915860888,0.5909341774206639,0.8649054459865271,,433.10678506227515,46.362400252716036
contact-primary-school,0.11997458660055575,0.7040842375317486,0.5769634635132002,0.8708072476729936,,486.8611490831236,50.92935735835734
DAWN,0.26866241352304737,0.4080496979658519,0.7828992576942118,0.8470749959313848,,51.88194456194264,8.197189818033916
