,PR1,PR2,ROC1,ROC2,/,%PR2,%ROC2
email-Eu,0.1897681433630116,0.32189664852564115,0.6753715579628903,0.7577969214257427,,69.62628332716417,12.204446943467744
email-Enron,0.08628655482406347,0.11419106327287434,0.482094097878597,0.5492963663095988,,32.33934708102276,13.939657989325749
