,PR1,PR2,ROC1,ROC2,/,%PR2,%ROC2
email-Eu,0.5091945128233307,0.5306569484635486,0.8644890693207479,0.8667897528825053,,4.214977793302428,0.26613217487701685
email-Enron,0.3147186252611959,0.3212802738629367,0.7874396135265699,0.7908212560386475,,2.0849254143427522,0.4294478527607777
contact-high-school,0.3368417932514905,0.6136150513716799,0.8309349890430973,0.928479831182534,,82.16713711458806,11.73916653236243
contact-primary-school,0.5170763004874503,0.7145860433722757,0.9037662724833548,0.944532776839246,,38.19740775174418,4.510735308131569
DAWN,0.5485455598748867,0.6498426889614138,0.9022766969176536,0.9119309897682855,,18.466493304518067,1.0699924849675029
