,PR1,PR2,ROC1,ROC2,/,%PR2,%ROC2
email-Eu,0.5091945128233307,0.5306569484635486,0.8644890693207479,0.8667897528825053,,4.214977793302428,0.26613217487701685
email-Enron,0.3147186252611959,0.32128027386293667,0.7874396135265699,0.7908212560386475,,2.0849254143427514,0.4294478527607777
