,PR1,PR2,ROC1,ROC2,/,%PR2,%ROC2
email-Eu,0.5091945128233307,0.5306569484635486,0.8644890693207479,0.8667897528825053,,4.214977793302428,0.26613217487701685
email-Enron,0.3147186252611959,0.3212802738629367,0.7874396135265699,0.7908212560386475,,2.0849254143427522,0.4294478527607777
contact-high-school,0.3368417932514905,0.6136150513716799,0.8309349890430973,0.928479831182534,,82.16713711458806,11.73916653236243
contact-primary-school,0.5170763004874503,0.7145860433722757,0.9037662724833548,0.944532776839246,,38.19740775174418,4.510735308131569
DAWN,0.5485455598748867,0.6498426889614138,0.9022766969176536,0.9119309897682856,,18.466493304518064,1.0699924849675029
NDC-classes,0.12276457823744125,0.08398572023678433,0.3990857142857143,0.3498539682539683,,-31.58798617436213,-12.336133384243345
tags-ask-ubuntu,0.3846042884142989,0.4852824491205021,0.7980676722197206,0.8225759587756828,,26.177076995499306,3.0709534302768566
tags-math-sx,0.5022913251907886,0.6649689102671359,0.8890897912329478,0.9207228809476494,,32.38709826703785,3.5579184494778984
threads-ask-ubuntu,0.8539548694828779,0.8793158471028979,0.8922021755472832,0.9315318271155429,,2.9698264541049593,4.408154636490844
