,PR1,PR2,ROC1,ROC2,/,%PR2,%ROC2
email-Eu,0.18333732392033647,0.34249002732164396,0.6720231086895878,0.7523535488127551,,86.8086759412188,11.953523485197953
email-Enron,0.08765503420946412,0.09519533088491626,0.48958202058391104,0.546135265700483,,8.602240297383872,11.551332103479298
