,PR1,PR2,ROC1,ROC2,/,%PR2,%ROC2
email-Eu,0.18333732392033647,0.34249002732164396,0.6720231086895878,0.7523535488127551,,86.8086759412188,11.953523485197953
email-Enron,0.08765503420946412,0.09519533088491626,0.48958202058391104,0.546135265700483,,8.602240297383872,11.551332103479295
contact-high-school,0.13511612298042155,0.7355812147528272,0.596647999350702,0.8662365067770473,,444.4066914645068,45.18384503421164
contact-primary-school,0.11906582991421433,0.7094044031363238,0.578146013448607,0.8711732750339528,,495.80855703726434,50.68395435911688
DAWN,0.2625979178194906,0.6041095895303974,0.7784236423173606,0.8715587140364172,,130.051172738415,11.964573871599562
