,PR1,PR2,ROC1,ROC2,/,%PR2,%ROC2
email-Eu,0.4852483647979279,0.6082219527871628,0.7915151082122425,0.8006516373785828,,25.34240131658041,1.1543088781939461
email-Enron,0.4474236195572581,0.4668592548982711,0.787954211300147,0.7769691241335854,,4.343900163394416,-1.39412760399311
contact-high-school,0.548915059570163,0.6263290069388223,0.8626207288369452,0.8702824446067691,,14.103083167235315,0.8881905469804693
contact-primary-school,0.6541681637417603,0.6922979996401909,0.8963811322004704,0.8986998575640133,,5.828751384098648,0.2586762795699117
DAWN,0.8322515403490646,0.8327468930205641,0.8818466973673056,0.8817099754891855,,0.059519586024655576,-0.015504041521985285
NDC-classes,0.07533201984998494,0.10794503338513914,0.2181968253968254,0.5952380952380952,,43.29236571659601,172.79869638596287
tags-ask-ubuntu,0.5410810499038154,0.5424910532378866,0.6632594647906908,0.6635062120145013,,0.2605900417916687,0.03720221676571784
tags-math-sx,0.7177109594890918,0.7209296863710702,0.8073249818382708,0.8078118325374926,,0.4484711901668209,0.060304178636113176
threads-ask-ubuntu,0.6925699563918485,0.6926795374272857,0.9040488773560128,0.9044952630673224,,0.01582237785885621,0.0493762806956985
