,PR1,PR2,ROC1,ROC2,/,%PR2,%ROC2
email-Eu,0.4852483647979279,0.6082219527871628,0.7915151082122425,0.8006516373785828,,25.34240131658041,1.1543088781939461
email-Enron,0.4474236195572581,0.46685925489827107,0.787954211300147,0.7769691241335854,,4.343900163394416,-1.39412760399311
