,PR1,PR2,ROC1,ROC2,/,%PR2,%ROC2
email-Eu,0.4855896722092205,0.5614528844261725,0.8896875135393572,0.8559699348362622,,15.622904801868527,-3.789822627605465
email-Enron,0.5228582519240365,0.5362458726051641,0.9052825036756984,0.9090527200168032,,2.5604684695829696,0.4164684864444661
contact-high-school,0.5774222985961475,0.5773690014831855,0.9074101128155182,0.9073370667965258,,-0.00923017921052909,-0.0080499454392682
contact-primary-school,0.6253461426217846,0.6264372854214659,0.9032462155089602,0.9069628010202392,,0.17448621256488664,0.41146981271154615
DAWN,0.9091141229184344,0.9094897285397132,0.9811864058253064,0.9813285336429944,,0.0413155633390834,0.014485302369065813
NDC-classes,0.5712613712152143,0.30893007311255105,0.822615873015873,0.7702603174603173,,-45.921413790787156,-6.364520461246372
tags-ask-ubuntu,0.7407121440358901,0.7318994985292541,0.9410141639486574,0.9399825327693638,,-1.1897530744695313,-0.10962971853311014
tags-math-sx,0.7969853270153311,0.7987082418703281,0.9548040878110132,0.9561689327986458,,0.21617899308751504,0.14294502977690546
threads-ask-ubuntu,0.4863218952411593,0.5326613529171016,0.4993992903658217,0.7832385607151591,,9.528556729481256,56.836138101321374
