,PR1,PR2,ROC1,ROC2,/,%PR2,%ROC2
email-Eu,0.4855896722092205,0.5614528844261725,0.8896875135393572,0.8559699348362622,,15.622904801868527,-3.789822627605465
email-Enron,0.5228582519240365,0.5362458726051641,0.9052825036756984,0.9090527200168032,,2.5604684695829696,0.416468486444466
