,PR1,PR2,ROC1,ROC2,/,%PR2,%ROC2
email-Eu,0.4855896722092205,0.5614528844261725,0.8896875135393572,0.8559699348362622,,15.622904801868527,-3.789822627605465
email-Enron,0.5228582519240365,0.5362458726051641,0.9052825036756984,0.9090527200168032,,2.5604684695829696,0.4164684864444661
contact-high-school,0.5774222985961475,0.5773690014831855,0.9074101128155182,0.9073370667965258,,-0.00923017921052909,-0.0080499454392682
contact-primary-school,0.6253461426217846,0.6264372854214659,0.9032462155089602,0.9069628010202392,,0.17448621256488664,0.41146981271154615
DAWN,0.9091141229184344,0.9094897285397133,0.9811864058253064,0.9813285336429943,,0.0413155633390834,0.014485302369065813
