,PR1,PR2,ROC1,ROC2,/,%PR2,%ROC2
email-Eu,0.13066027414307424,0.13255651917040362,0.6145531461095204,0.6253300942757309,,1.4512789290897807,1.7536234635580203
email-Enron,0.10434538559074656,0.10231034393106866,0.52547784078975,0.5285654274312119,,-1.9502938708373188,0.5875769445998952
