,PR1,PR2,ROC1,ROC2,/,%PR2,%ROC2
email-Eu,0.13066027414307424,0.13255651917040362,0.6145531461095204,0.6253300942757309,,1.4512789290897807,1.7536234635580203
email-Enron,0.10434538559074656,0.10231034393106866,0.52547784078975,0.5285654274312119,,-1.9502938708373188,0.5875769445998952
contact-high-school,0.1287465285733071,0.6387280072387053,0.5500446392338285,0.8333130427725022,,396.11279955794646,51.49916631007361
contact-primary-school,0.11305948460893825,0.5781211959807643,0.5604243267415283,0.8386465268806518,,411.3425007910033,49.6449184775381
DAWN,0.2523543582988722,0.2513958255270561,0.7503684361009727,0.7515152833324494,,-0.3798360283046504,0.152837882872036
NDC-classes,0.6253375600347724,0.6645401344708778,0.7639238095238094,0.7952761904761905,,6.269026033543472,4.1041240712113
tags-ask-ubuntu,0.16954142515824802,0.17315981326018018,0.7014594796439306,0.7054408972750967,,2.1342206475820262,0.5675905375442529
tags-math-sx,0.2901405102411757,0.31241633243508066,0.7440876412988466,0.7718815472117331,,7.6775980628794125,3.7353000332555752
threads-ask-ubuntu,0.7883661965104596,0.8061684651300484,0.8874119636986115,0.9190852534666557,,2.258121758440031,3.569175429643099
