,PR1,PR2,ROC1,ROC2,/,%PR2,%ROC2
email-Eu,0.9478755388995176,0.9606413438489796,0.6791974487220668,0.7367732758225118,,1.346780713877593,8.477038188052083
email-Enron,0.9373088821238784,0.9346363487641136,0.6135265700483092,0.5845410628019324,,-0.2851283510414321,-4.724409448818901
contact-high-school,0.9674453034081965,0.9940148518215172,0.7448812448812449,0.9385749385749388,,2.7463618170163526,26.003298515667968
contact-primary-school,0.9241924045609644,0.9799386241126244,0.4981406355645706,0.8115280594996619,,6.031884624516272,62.91143535799119
DAWN,0.9664017811467748,0.9748145230367484,0.7849653963562355,0.8281778502054904,,0.8705221838468273,5.505013857915853
NDC-classes,0.9750754959488128,0.9812700745992816,0.7592592592592592,0.8253968253968254,,0.6352922082654916,8.710801393728227
tags-ask-ubuntu,0.9564195234758672,0.962759570849282,0.7365044534930915,0.7646060456617941,,0.6628939725502002,3.815535946242063
tags-math-sx,0.9730138385468404,0.9836468647493026,0.8006870249219336,0.8696278208088457,,1.09279290604358,8.610205203916452
threads-ask-ubuntu,0.9880887334272522,0.9946834900285757,0.8818915435518621,0.9508781548168668,,0.6674255437008287,7.822573168936138
