,PR1,PR2,ROC1,ROC2,/,%PR2,%ROC2
email-Eu,0.9478755388995176,0.9606413438489796,0.6791974487220668,0.7367732758225118,,1.346780713877593,8.477038188052083
email-Enron,0.9373088821238784,0.9346363487641136,0.6135265700483092,0.5845410628019324,,-0.2851283510414321,-4.724409448818901
contact-high-school,0.9674453034081965,0.9940148518215172,0.7448812448812449,0.9385749385749388,,2.7463618170163526,26.003298515667968
contact-primary-school,0.9241924045609644,0.9799386241126244,0.4981406355645706,0.8115280594996619,,6.031884624516272,62.91143535799119
DAWN,0.9664017811467748,0.9748145230367483,0.7849653963562355,0.8281778502054904,,0.8705221838468273,5.505013857915854
