,PR1,PR2,ROC1,ROC2,/,%PR2,%ROC2
email-Eu,0.9478755388995176,0.9606413438489796,0.6791974487220668,0.7367732758225118,,1.346780713877593,8.477038188052083
email-Enron,0.9373088821238784,0.9346363487641137,0.6135265700483092,0.5845410628019324,,-0.2851283510414321,-4.7244094488189
