,PR1,PR2,ROC1,ROC2,/,%PR2,%ROC2
email-Eu,0.9814250448975342,0.9814061281097692,0.8557526116948868,0.8522729010844461,,-0.0019274816618179765,-0.4066257657746293
email-Enron,0.9825529106187778,0.9787384837788919,0.8550724637681161,0.8333333333333333,,-0.38821592187678433,-2.542372881355956
