,PR1,PR2,ROC1,ROC2,/,%PR2,%ROC2
email-Eu,0.9814250448975342,0.9814061281097692,0.8557526116948868,0.8522729010844461,,-0.0019274816618179765,-0.4066257657746293
email-Enron,0.9825529106187778,0.9787384837788922,0.8550724637681161,0.8333333333333333,,-0.3882159218767843,-2.542372881355956
contact-high-school,0.9910474044626492,0.99781342310572,0.9217854217854218,0.9787059787059786,,0.6827139259538509,6.1750333185250925
contact-primary-school,0.98066096568468,0.9788419578108314,0.8556457065584855,0.8465179175118323,,-0.1854879451206248,-1.0667720268668617
DAWN,0.9845323998483739,0.9884047419019818,0.8872148749014368,0.901336839901854,,0.3933178892034677,1.5917186918203912
NDC-classes,0.9120395387124088,0.9038797665115478,0.5595238095238095,0.5886243386243386,,-0.8946730766059541,5.2009456264775356
tags-ask-ubuntu,0.9722197468081172,0.9780040262435066,0.7903799219873691,0.8155977135775004,,0.594955971052809,3.1905911180945177
tags-math-sx,0.9843119002731588,0.9909737851771324,0.8830247241414423,0.9213696599210957,,0.6768062950498416,4.3424532440964025
threads-ask-ubuntu,0.9878665204128304,0.9434255784132268,0.8777508464142814,0.8180911434287474,,-4.49867882768531,-6.79688356089328
