,PR1,PR2,ROC1,ROC2,/,%PR2,%ROC2
email-Eu,0.945536721267894,0.964621052013326,0.6723795102402913,0.748826075651203,,2.0183595534863388,11.369556068654086
email-Enron,0.9344792565973926,0.9303644229360336,0.6099033816425121,0.572463768115942,,-0.4403344036059153,-6.138613861386148
contact-high-school,0.9669701746395308,0.9938566602178106,0.7411957411957412,0.9369369369369368,,2.7804875769102777,26.408839779005532
contact-primary-school,0.9236625059825122,0.9820831357475625,0.5055780933062881,0.8286004056795132,,6.324889165324238,63.89167502507521
DAWN,0.965418696019172,0.9837572916585308,0.7811499458253601,0.8618375129534612,,1.8995484254631236,10.329331463096617
