,PR1,PR2,ROC1,ROC2,/,%PR2,%ROC2
email-Eu,0.945536721267894,0.964621052013326,0.6723795102402913,0.748826075651203,,2.0183595534863388,11.369556068654086
email-Enron,0.9344792565973926,0.9303644229360335,0.6099033816425121,0.572463768115942,,-0.44033440360591525,-6.138613861386148
