,PR1,PR2,ROC1,ROC2,/,%PR2,%ROC2
email-Eu,0.945536721267894,0.964621052013326,0.6723795102402913,0.748826075651203,,2.0183595534863388,11.369556068654086
email-Enron,0.9344792565973926,0.9303644229360336,0.6099033816425121,0.572463768115942,,-0.4403344036059153,-6.138613861386148
contact-high-school,0.9669701746395308,0.9938566602178106,0.7411957411957412,0.9369369369369368,,2.7804875769102777,26.408839779005532
contact-primary-school,0.9236625059825122,0.9820831357475625,0.5055780933062881,0.8286004056795132,,6.324889165324238,63.89167502507521
DAWN,0.965418696019172,0.9837572916585308,0.7811499458253601,0.8618375129534612,,1.8995484254631239,10.329331463096617
NDC-classes,0.9703677656019308,0.9743521779833691,0.7341269841269841,0.7513227513227514,,0.4106084850177241,2.34234234234236
tags-ask-ubuntu,0.9560608406068964,0.9717675711066586,0.7350836148446517,0.7766689242901347,,1.6428588885401552,5.657221655562463
tags-math-sx,0.972156089646379,0.9865806886254158,0.7956818440777536,0.8785206893300253,,1.4837739672323569,10.411051335259165
threads-ask-ubuntu,0.985404117787946,0.9946538619701841,0.8554016620498615,0.9503202908587258,,0.9386752110395195,11.096381152849753
