,PR1,PR2,ROC1,ROC2,/,%PR2,%ROC2
email-Eu,0.975976988949285,0.978318156283119,0.7949150338793803,0.7992283454932013,,0.2398793578478215,0.5426129120707357
email-Enron,0.9739502990884896,0.9683082623530344,0.7548309178743962,0.7234299516908214,,-0.5792941119003295,-4.159999999999989
