,PR1,PR2,ROC1,ROC2,/,%PR2,%ROC2
email-Eu,0.975976988949285,0.978318156283119,0.7949150338793803,0.7992283454932013,,0.2398793578478215,0.5426129120707357
email-Enron,0.9739502990884896,0.9683082623530344,0.7548309178743962,0.7234299516908214,,-0.5792941119003295,-4.159999999999989
contact-high-school,0.9922032539141622,0.9924103712523944,0.9221949221949222,0.923832923832924,,0.020874486897218547,0.17761989342807746
contact-primary-school,0.9856948247432672,0.9857335042796602,0.8600405679513184,0.8603786342123055,,0.003924088411755782,0.03930817610062167
DAWN,0.988322041817988,0.9883171754613592,0.8819430832396322,0.8819462534509774,,-0.0004923857227684445,0.0003594575892098145
NDC-classes,0.8690624537346121,0.8479756940661962,0.2552910052910053,0.3955026455026455,,-2.4263802420412937,54.92227979274612
tags-ask-ubuntu,0.960501952594692,0.9605088725024764,0.6601090669372092,0.6601417685926985,,0.0007204470293641213,0.004953977626913655
tags-math-sx,0.9797918054087064,0.9798254363858968,0.8054841254658404,0.8057476706746609,,0.003432461570386139,0.032718858198259516
threads-ask-ubuntu,0.9936619374057744,0.9937410885367866,0.9357648507232996,0.9366497383810404,,0.00796559956989459,0.09456303654243665
