,PR1,PR2,ROC1,ROC2,/,%PR2,%ROC2
email-Eu,0.975976988949285,0.978318156283119,0.7949150338793803,0.7992283454932013,,0.2398793578478215,0.5426129120707357
email-Enron,0.9739502990884896,0.9683082623530344,0.7548309178743962,0.7234299516908214,,-0.5792941119003295,-4.159999999999989
contact-high-school,0.9922032539141622,0.9924103712523944,0.9221949221949222,0.923832923832924,,0.020874486897218547,0.17761989342807746
contact-primary-school,0.9856948247432672,0.9857335042796602,0.8600405679513184,0.8603786342123055,,0.003924088411755782,0.03930817610062167
DAWN,0.988322041817988,0.9883171754613591,0.8819430832396322,0.8819462534509774,,-0.0004923857227684445,0.00035945758920981455
