,PR1,PR2,ROC1,ROC2,/,%PR2,%ROC2
email-Eu,0.9881636489233699,0.9881608956333232,0.9185938910047567,0.9183147493843588,,-0.00027862693084598306,-0.03038792475449165
email-Enron,0.9816660257711404,0.9816660257711404,0.8381642512077294,0.8381642512077294,,1.1309579790672994e-14,0.0
contact-high-school,0.9902079933719304,0.9956317387306128,0.9090909090909092,0.9574119574119574,,0.5477379898957332,5.315315315315304
contact-primary-school,0.9859894664528246,0.9860199618690216,0.8637592968221772,0.8640973630831643,,0.0030928744408030245,0.03913894324852506
DAWN,0.9981150913105358,0.9980295598598614,0.9818871211400708,0.9810801112406926,,-0.008569297410609937,-0.0821896816857306
NDC-classes,0.9779848477552218,0.9779848477552218,0.8055555555555556,0.8055555555555556,,0.0,0.0
tags-ask-ubuntu,0.9933997167186386,0.9926713120221062,0.940888299626922,0.9361713533341322,,-0.07332443167372618,-0.5013290413601909
tags-math-sx,0.9949344510402778,0.9950300279171208,0.9546083097663468,0.9556289922993914,,0.009606349116063373,0.106921605710134
threads-ask-ubuntu,0.9350447536139048,0.9838209139630467,0.4974636426592798,0.8870998768851955,,5.216451957045295,78.32456501605755
