,PR1,PR2,ROC1,ROC2,/,%PR2,%ROC2
email-Eu,0.9881636489233699,0.9881608956333232,0.9185938910047567,0.9183147493843588,,-0.00027862693084598306,-0.03038792475449165
email-Enron,0.9816660257711404,0.9816660257711404,0.8381642512077294,0.8381642512077294,,1.1309579790672994e-14,0.0
contact-high-school,0.9902079933719304,0.9956317387306128,0.9090909090909092,0.9574119574119574,,0.5477379898957332,5.315315315315304
contact-primary-school,0.9859894664528246,0.9860199618690216,0.8637592968221772,0.8640973630831643,,0.0030928744408030245,0.03913894324852506
DAWN,0.998115091310536,0.9980295598598614,0.9818871211400708,0.9810801112406926,,-0.008569297410609938,-0.0821896816857306
