,PR1,PR2,ROC1,ROC2,/,%PR2,%ROC2
email-Eu,0.9881636489233699,0.9881608956333232,0.9185938910047567,0.9183147493843588,,-0.00027862693084598306,-0.03038792475449165
email-Enron,0.9816660257711404,0.9816660257711405,0.8381642512077294,0.8381642512077294,,1.1309579790672996e-14,0.0
