,PR1,PR2,ROC1,ROC2,/,%PR2,%ROC2
email-Eu,0.9430474345385124,0.9425135911604142,0.6468437877605959,0.6490348582878295,,-0.05660832727458536,0.3387325608891047
email-Enron,0.9620245887167328,0.9632359209155508,0.6847826086956522,0.6908212560386473,,0.1259148896010971,0.8818342151675361
contact-high-school,0.9593575714118188,0.9913908716366804,0.7010647010647011,0.914004914004914,,3.3390365781676663,30.373831775700932
contact-primary-school,0.9284182122641516,0.9696759786028448,0.4984787018255578,0.7579445571331981,,4.443877316675763,52.0515428958969
DAWN,0.9653203880932596,0.9651498602847665,0.7623802486390012,0.7620348529887561,,-0.01766541042709879,-0.04530490537520625
