,PR1,PR2,ROC1,ROC2,/,%PR2,%ROC2
email-Eu,0.9430474345385124,0.9425135911604142,0.6468437877605959,0.6490348582878295,,-0.05660832727458536,0.3387325608891047
email-Enron,0.9620245887167328,0.9632359209155508,0.6847826086956522,0.6908212560386473,,0.1259148896010971,0.8818342151675361
contact-high-school,0.9593575714118188,0.9913908716366804,0.7010647010647011,0.914004914004914,,3.3390365781676663,30.373831775700932
contact-primary-school,0.9284182122641516,0.9696759786028448,0.4984787018255578,0.7579445571331981,,4.443877316675763,52.0515428958969
DAWN,0.9653203880932596,0.9651498602847663,0.7623802486390012,0.7620348529887561,,-0.01766541042709879,-0.04530490537520625
NDC-classes,0.9665577388521356,0.9709309747198186,0.701058201058201,0.7354497354497354,,0.4524546948303966,4.905660377358478
tags-ask-ubuntu,0.9567318376879071,0.9565057220749538,0.7337337646263243,0.7337125333440095,,-0.02363416832660501,-0.002893594834852089
tags-math-sx,0.9683374929591148,0.9694306834855476,0.7705170883513589,0.7776741392674189,,0.11289354531675985,0.9288633599773402
threads-ask-ubuntu,0.9877571787105528,0.9929944468948283,0.8857157971683595,0.9368863496460449,,0.530218184909816,5.777310582161692
