,PR1,PR2,ROC1,ROC2,/,%PR2,%ROC2
email-Eu,0.9430474345385124,0.9425135911604142,0.6468437877605959,0.6490348582878295,,-0.05660832727458536,0.3387325608891047
email-Enron,0.9620245887167328,0.9632359209155509,0.6847826086956522,0.6908212560386473,,0.1259148896010971,0.8818342151675361
