,PR1,PR2,PR3,ROC1,ROC2,ROC3,/,%PR2,%PR3,%ROC2,%PR3.1,%ROC3
email-Eu,0.2791436682271882,0.6665912702024254,0.7286482367209071,0.7701590702506168,0.9252738821798034,0.9291722936415184,,138.79863528192334,9.309597843913664,20.14062002525152,,0.42132513808029803
email-Enron,0.16821861783579656,0.4269745451842675,0.6039832100223148,0.6138888888888889,0.8497023809523809,0.8692460317460318,,153.8212182916939,41.456491220491024,38.41305753070458,,2.3000583771161756
