,PR1,PR2,PR3,ROC1,ROC2,ROC3,/,%PR2,%PR3,%ROC2,%PR3.1,%ROC3
email-Eu,0.2791436682271882,0.6665912702024254,0.7286482367209071,0.7701590702506168,0.9252738821798034,0.9291722936415184,,138.79863528192334,9.309597843913664,20.14062002525152,,0.42132513808029803
email-Enron,0.16821861783579656,0.4269745451842675,0.6039832100223148,0.6138888888888889,0.8497023809523809,0.8692460317460318,,153.8212182916939,41.456491220491024,38.41305753070458,,2.300058377116176
DAWN,0.35800496931901393,0.5468400798460248,0.5537342718345033,0.8408791592685074,0.9042642937311948,0.9043612682140956,,52.74650541477322,1.260732752145697,7.537959974870462,,0.010724130497351957
NDC-classes,0.41295931390818397,0.2618853547780481,0.2160635665847892,0.7254413761883205,0.7701222272521503,0.7751923947487551,,-36.58325506704158,-17.496888373957972,6.159126365054602,,0.6583588055490279
tags-ask-ubuntu,0.2649564248126645,0.5068172373595311,0.5347340272761733,0.7701085742381638,0.8267932769297309,0.8271670664348643,,91.28324127934341,5.508255808757794,7.36061181342422,,0.04520954821033283
tags-math-sx,0.4337116961921629,0.6892224165996595,0.7265939280043879,0.8243559125703842,0.897105497183097,0.8978962374520636,,58.91257317955486,5.422271607053074,8.825021268529001,,0.08814350948127682
threads-ask-ubuntu,0.06296102427071201,0.06377005513819804,0.06376972807142978,0.2358569705782964,0.2456753090552095,0.24567146538373452,,1.2849709433052725,-0.0005128845624440592,4.162835829205969,,-0.001564533078139458
