,PR1,PR2,PR3,ROC1,ROC2,ROC3,/,%PR2,%PR3,%ROC2,%PR3.1,%ROC3
email-Eu,0.7290281232458504,0.7272838788109196,0.7415708568952007,0.9421334891572524,0.9407560706401766,0.942536250703372,,-0.23925612460119144,1.9644293652761544,-0.1462020544782724,,0.1892286554137088
email-Enron,0.6439629129091179,0.6334100867404765,0.6487370260501316,0.8886904761904763,0.8787698412698413,0.8863095238095238,,-1.6387319761892418,2.419749800406153,-1.1163206072784189,,0.8579814856626748
