,PR1,PR2,PR3,ROC1,ROC2,ROC3,/,%PR2,%PR3,%ROC2,%PR3.1,%ROC3
email-Eu,0.7290281232458504,0.7272838788109196,0.7415708568952007,0.9421334891572524,0.9407560706401766,0.942536250703372,,-0.23925612460119144,1.9644293652761544,-0.1462020544782724,,0.1892286554137088
email-Enron,0.6439629129091179,0.6334100867404765,0.6487370260501316,0.8886904761904763,0.8787698412698413,0.8863095238095238,,-1.6387319761892418,2.4197498004061533,-1.1163206072784189,,0.8579814856626748
DAWN,0.7263857163282138,0.8031871854496105,0.7716416912776489,0.9514258784666748,0.9619547324049736,0.9475895686055632,,10.573097377192145,-3.927539525459808,1.1066394320981907,,-1.49333053994091
NDC-classes,0.21749270553141872,0.3051155520464976,0.3058068095990424,0.60493435943866,0.7720688094160254,0.7714803078315979,,40.2877173746965,0.2265559876932937,27.62852652847415,,-0.07622398123719032
tags-ask-ubuntu,0.6735787234979483,0.7526734908047981,0.7534632434527145,0.9291945976670918,0.943103156219612,0.9426915908154854,,11.742468184877374,0.10492632696177864,1.4968402299626002,,-0.04363948963721224
tags-math-sx,0.7512215999211838,0.8448345903213865,0.8529824262915073,0.9576698956034664,0.9726314538395092,0.9715300145343222,,12.461434869554395,0.9644297313893436,1.5622876217295176,,-0.1132432331731654
threads-ask-ubuntu,0.14589504859439814,0.1746718016881833,0.1748133282083278,0.2876703026731134,0.4802323179100677,0.4799978539500931,,19.724283566186827,0.08102425164030375,66.93844079406665,,-0.04882302819497574
