,PR1,PR2,PR3,ROC1,ROC2,ROC3,/,%PR2,%PR3,%ROC2,%PR3.1,%ROC3
email-Eu,0.2631363043698704,0.6707422565654152,0.7194932055369216,0.7584767129809983,0.924754901960784,0.9281495909622126,,154.902970599832,7.268208987031658,21.92264919067483,,0.3670906738889116
email-Enron,0.14664833757775647,0.4469385904141021,0.6336959823841397,0.5888392857142858,0.8587797619047621,0.8754960317460317,,204.76894439878967,41.78591779174882,45.842810209754866,,1.9465141800958548
DAWN,0.348509456848528,0.6732052438099291,0.6943475785754668,0.836077088718198,0.9135349426690892,0.9138802085173988,,93.16699463410058,3.140548140398472,9.26443924801756,,0.037794487346139126
NDC-classes,0.4379454830161981,0.2475933418386963,0.22233453406658604,0.7577863286555001,0.7818696242643729,0.7852648257129923,,-43.46480293997264,-10.201731429662633,3.178111652080424,,0.4342413803086129
tags-ask-ubuntu,0.2612632704359969,0.5726827920325052,0.5835882246367103,0.7655760500251848,0.8268270272577349,0.8269995360562563,,119.19758987813732,1.9042710477646398,8.000639156689306,,0.0208639525359398
tags-math-sx,0.42031118133783096,0.7467301375572779,0.7531602275909088,0.8165645899332209,0.8969499076074202,0.8973124920522587,,77.66125925569493,0.8610995740261939,9.84433058513758,,0.040424157666249017
threads-ask-ubuntu,0.06918824218758353,0.06964783743356592,0.06964629167386767,0.2726623670930473,0.2815346819281778,0.2815164244886716,,0.6642678458810056,-0.002219393674252638,3.2539565066208036,,-0.006484969944444841
