,PR1,PR2,PR3,ROC1,ROC2,ROC3,/,%PR2,%PR3,%ROC2,%PR3.1,%ROC3
email-Eu,0.2631363043698704,0.6707422565654152,0.7194932055369216,0.7584767129809983,0.924754901960784,0.9281495909622126,,154.902970599832,7.268208987031658,21.92264919067483,,0.3670906738889116
email-Enron,0.14664833757775647,0.44693859041410205,0.6336959823841397,0.5888392857142858,0.8587797619047621,0.8754960317460317,,204.76894439878967,41.78591779174882,45.842810209754866,,1.9465141800958548
