,PR1,PR2,PR3,ROC1,ROC2,ROC3,/,%PR2,%PR3,%ROC2,%PR3.1,%ROC3
email-Eu,0.8110399525899573,0.8227882267524369,0.8245738076380213,0.9128568800588668,0.9117847249274986,0.9133003289616068,,1.4485444428431553,0.2170158526249427,-0.1174505176867395,,0.1662238895512024
email-Enron,0.7271786255057241,0.7597401938200183,0.7569614919319412,0.9128968253968252,0.9125,0.9127976190476188,,4.4777950247986125,-0.36574369905397336,-0.04346881112799118,,0.03261578604044346
DAWN,0.8608177896457634,0.860945968849771,0.8614584237142651,0.9121718282156552,0.912148945409404,0.9125219150031216,,0.014890399054182813,0.05952230256431425,-0.0025086069908496268,,0.04088911088421916
NDC-classes,0.2291235282366488,0.2432645687277798,0.2328882463067947,0.6009959257582616,0.6011317338162063,0.559167043911272,,6.171797632465537,-4.265447481830578,0.022597167821633648,,-6.980947360494005
tags-ask-ubuntu,0.6285600829829092,0.6286534800153198,0.6286534800153198,0.7424200153127628,0.7424234390357735,0.7424234390357735,,0.01485888699253661,0.0,0.0004611571536378121,,0.0
tags-math-sx,0.7643653677243165,0.7645641542413586,0.7645641636611306,0.8371092983011399,0.8371236365081024,0.8371236369758229,,0.02600674041969134,1.2320446767211737e-06,0.0017128237604819106,,5.587233576689087e-08
threads-ask-ubuntu,0.06201741176335013,0.046000550133753086,0.10305664158604036,0.4951877233133089,0.5034266331199562,0.5051950423044091,,-25.826394836848678,124.03349804815082,1.6637952474913127,,0.3512744594963858
