,PR1,PR2,PR3,ROC1,ROC2,ROC3,/,%PR2,%PR3,%ROC2,%PR3.1,%ROC3
email-Eu,0.8110399525899573,0.8227882267524369,0.8245738076380213,0.9128568800588668,0.9117847249274986,0.9133003289616068,,1.4485444428431553,0.2170158526249427,-0.1174505176867395,,0.1662238895512024
email-Enron,0.7271786255057241,0.7597401938200183,0.7569614919319412,0.9128968253968252,0.9125,0.912797619047619,,4.4777950247986125,-0.36574369905397336,-0.04346881112799118,,0.03261578604044346
