,PR1,PR2,PR3,ROC1,ROC2,ROC3,/,%PR2,%PR3,%ROC2,%PR3.1,%ROC3
email-Eu,0.7266943749152242,0.7670800578842556,0.7663510674398928,0.9334555036142492,0.936222352075488,0.9376892611349176,,5.557450884870661,-0.09503446698555763,0.2964092504169496,,0.15668383223042534
email-Enron,0.6404452360876504,0.7444502987321748,0.7287080347219137,0.9122023809523808,0.931845238095238,0.9121031746031746,,16.239493524828173,-2.1146158497176724,2.1533442088091523,,-2.118598956669853
DAWN,0.948480037361182,0.9485887965991958,0.9492509507321852,0.9879113829490354,0.9879716950589436,0.9881450262637193,,0.011466687091947043,0.06980412749583527,0.006105012144740404,,0.017544146825517512
NDC-classes,0.4423712384832641,0.4471462022932513,0.4700195228470421,0.7691036668175646,0.7660932548664554,0.7677229515617926,,1.0794019580384184,5.115400832318773,-0.3914182289060998,,0.21272823967380805
tags-ask-ubuntu,0.7531731163099233,0.754082894884228,0.7655060781575451,0.9383215427523928,0.945097193209688,0.9482482581308412,,0.12079275728294404,1.5148445019523904,0.7221032608310358,,0.3334117320200561
tags-math-sx,0.8369654280914727,0.8376070122899819,0.8615871336561959,0.9622649720665134,0.9628210836014728,0.9694462222502106,,0.0766559976046129,2.8629322599214464,0.05779193372955292,,0.6880965489409732
threads-ask-ubuntu,0.6018603103698381,0.5779358778796131,0.5778222138855592,0.6372310831306064,0.6309884801962836,0.646898397349148,,-3.9750806089080135,-0.01966723271635294,-0.9796450768932896,,2.5214275144793823
