,PR1,PR2,PR3,ROC1,ROC2,ROC3,/,%PR2,%PR3,%ROC2,%PR3.1,%ROC3
email-Eu,0.7266943749152242,0.7670800578842556,0.7663510674398928,0.9334555036142492,0.936222352075488,0.9376892611349176,,5.557450884870661,-0.09503446698555763,0.2964092504169496,,0.15668383223042534
email-Enron,0.6404452360876504,0.7444502987321748,0.7287080347219137,0.9122023809523808,0.931845238095238,0.9121031746031746,,16.239493524828173,-2.1146158497176724,2.1533442088091523,,-2.118598956669853
