,PR1,PR2,PR3,ROC1,ROC2,ROC3,/,%PR2,%PR3,%ROC2,%PR3.1,%ROC3
email-Eu,0.2654849164631965,0.3192094921672667,0.4339173790537632,0.7733818118859022,0.8251263905120548,0.8637839241656927,,20.236394752587717,35.934986177162045,6.690689880587287,,4.685043903352539
email-Enron,0.2412048174309876,0.267745477562065,0.30795393358611456,0.7606646825396826,0.7843253968253968,0.8092261904761905,,11.00337066803034,15.017417433214714,3.1105314639713035,,3.174803946369849
