,PR1,PR2,PR3,ROC1,ROC2,ROC3,/,%PR2,%PR3,%ROC2,%PR3.1,%ROC3
email-Eu,0.2654849164631965,0.3192094921672667,0.4339173790537632,0.7733818118859022,0.8251263905120548,0.8637839241656927,,20.236394752587717,35.934986177162045,6.690689880587287,,4.685043903352539
email-Enron,0.2412048174309876,0.267745477562065,0.30795393358611456,0.7606646825396826,0.7843253968253968,0.8092261904761905,,11.00337066803034,15.017417433214714,3.1105314639713035,,3.174803946369849
DAWN,0.327319822266588,0.3317049996702336,0.3362222250636889,0.799190861338692,0.8038485628783623,0.8070945473585778,,1.339722529872951,1.3618201106242316,0.5828021521502812,,0.4038054715918791
NDC-classes,0.4028265805302946,0.20201412644220093,0.1988000926038289,0.6355138071525577,0.6414667270258035,0.6463331824354912,,-49.85084495261889,-1.5909945977424482,0.9367097624390154,,0.7586450247000742
tags-ask-ubuntu,0.23876593362206705,0.2670631194416631,0.2922021595612285,0.7228842921837884,0.7428173215731068,0.7485697666768207,,11.851433489832154,9.41314554107,2.7574301454389003,,0.7744091227613937
tags-math-sx,0.34044296452705397,0.4045222546854178,0.451892440723128,0.74489525735303,0.7897448497467415,0.8025212005559289,,18.82232762465316,11.71015574274108,6.020926022953034,,1.6177820992798555
threads-ask-ubuntu,0.525355339551647,0.5255580390909778,0.5255396281523527,0.811199978219195,0.8118194499385814,0.811691968167994,,0.03858332143415713,-0.003503121873453778,0.07636485897673168,,-0.01570321708810324
