,PR1,PR2,ROC1,ROC2,/,%PR2,%ROC2
email-Eu,0.8272592605606899,0.8757059043719206,0.6849756151418357,0.7418107993893315,,5.8562830446159255,8.297402563115638
email-Enron,0.7159597158761152,0.722974197193926,0.4559849704777241,0.5099302200751477,,0.9797312840747221,11.830488522660392
