,PR1,PR2,ROC1,ROC2,/,%PR2,%ROC2
email-Eu,0.8272592605606899,0.8757059043719206,0.6849756151418357,0.7418107993893315,,5.8562830446159255,8.297402563115638
email-Enron,0.7159597158761152,0.722974197193926,0.4559849704777241,0.5099302200751477,,0.9797312840747221,11.830488522660394
contact-high-school,0.7719335441639622,0.9562538434444656,0.6041154791154791,0.8712121212121212,,23.877741895531997,44.21284528046093
contact-primary-school,0.8092288591946943,0.9541442891774492,0.6071964017991005,0.8696068632350491,,17.907842551113134,43.21673525377228
DAWN,0.8887369077781357,0.9099961688488424,0.791527254610437,0.8342875006427876,,2.392075864594754,5.402245568081628
NDC-classes,0.911721335797108,0.9383308338196592,0.7555555555555556,0.8298412698412699,,2.9185999030379923,9.831932773109244
tags-ask-ubuntu,0.8400372471953,0.87003138350438,0.7283325722719144,0.7636233977949409,,3.570572187033828,4.845427331767214
tags-math-sx,0.8987880552938625,0.9415937335518552,0.7947329216438783,0.8689499316473924,,4.762599814924918,9.33861024028031
threads-ask-ubuntu,0.964497288444128,0.9831707845941297,0.8933414608341028,0.9579478781932901,,1.9360859147799896,7.2319958483584745
