,PR1,PR2,ROC1,ROC2,/,%PR2,%ROC2
email-Eu,0.8272592605606899,0.8757059043719206,0.6849756151418357,0.7418107993893315,,5.8562830446159255,8.297402563115638
email-Enron,0.7159597158761152,0.722974197193926,0.4559849704777241,0.5099302200751477,,0.9797312840747221,11.830488522660394
contact-high-school,0.7719335441639622,0.9562538434444656,0.6041154791154791,0.8712121212121212,,23.877741895531997,44.21284528046093
contact-primary-school,0.8092288591946943,0.9541442891774492,0.6071964017991005,0.8696068632350491,,17.907842551113134,43.21673525377228
DAWN,0.8887369077781357,0.9099961688488423,0.791527254610437,0.8342875006427876,,2.392075864594754,5.402245568081628
