,PR1,PR2,ROC1,ROC2,/,%PR2,%ROC2
email-Eu,0.9470570003950922,0.9485638252167841,0.8814907314696018,0.8829507772316618,,0.15910603280090088,0.1656337054872819
email-Enron,0.9012316618619935,0.8907943215803616,0.7579173376274825,0.7337627482555018,,-1.1581195738360757,-3.186968838526912
