,PR1,PR2,ROC1,ROC2,/,%PR2,%ROC2
email-Eu,0.9470570003950922,0.9485638252167841,0.8814907314696018,0.8829507772316618,,0.15910603280090088,0.1656337054872819
email-Enron,0.9012316618619935,0.8907943215803616,0.7579173376274825,0.7337627482555018,,-1.1581195738360757,-3.186968838526912
contact-high-school,0.8980404838313573,0.9901166870312548,0.8367117117117117,0.9758394758394758,,10.253012515323137,16.627921203964277
contact-primary-school,0.9656320432503996,0.9709170826222846,0.9285773779776778,0.9378644011327668,,0.5473140011069917,1.000134547248508
DAWN,0.9505479011885519,0.9610244173472362,0.8978545201236742,0.907178077280055,,1.1021555195255903,1.038426264769098
NDC-classes,0.8047515436928723,0.7969115306150856,0.5780952380952379,0.5892063492063492,,-0.974215351213888,1.9220208676551669
tags-ask-ubuntu,0.9026965192463108,0.924604308520563,0.7933385062421332,0.8198590220710898,,2.4269274121654614,3.342900366021372
tags-math-sx,0.9418696067023744,0.9661788674741436,0.882396138949137,0.9210026184547764,,2.5809581919603013,4.375186812537104
threads-ask-ubuntu,0.9610806080191664,0.9893561234939561,0.8787360053093259,0.9715361938288705,,2.9420545205949877,10.560644830625519
