,PR1,PR2,ROC1,ROC2,/,%PR2,%ROC2
email-Eu,0.8245689758511426,0.8813910364297691,0.6819403570354409,0.742932959724057,,6.8911227856921515,8.943979053207194
email-Enron,0.7207597839919688,0.7214374013266274,0.4683306494900698,0.5319377348362856,,0.0940143095811368,13.581661891117475
contact-high-school,0.7696035901416081,0.9558107061862566,0.6038083538083538,0.8703931203931204,,24.195198467094755,44.150559511698894
contact-primary-school,0.8083974013814177,0.9548239924633072,0.6081542562052308,0.8713143428285857,,18.11319418291927,43.27193042525505
DAWN,0.8865737195011788,0.942570921324396,0.7876119525031339,0.8632339670538753,,6.3161359954052605,9.601430540814524
NDC-classes,0.9074734213706313,0.8966177495654064,0.7492063492063491,0.8352380952380952,,-1.1962523143464228,11.483050847457642
tags-ask-ubuntu,0.8388743939182178,0.9009835616183876,0.7267666867447394,0.7752255890596141,,7.403869774838411,6.667738518936107
tags-math-sx,0.8957899148641099,0.9521228399609578,0.7896000935760348,0.8771994800806279,,6.288631314340438,11.094145912250664
threads-ask-ubuntu,0.9578176614409118,0.9829715478965987,0.8715676939058172,0.9571534029701446,,2.626166489543124,9.81974316656761
