,PR1,PR2,ROC1,ROC2,/,%PR2,%ROC2
email-Eu,0.8245689758511426,0.8813910364297691,0.6819403570354409,0.742932959724057,,6.8911227856921515,8.943979053207194
email-Enron,0.7207597839919688,0.7214374013266274,0.4683306494900698,0.5319377348362856,,0.0940143095811368,13.581661891117475
contact-high-school,0.7696035901416081,0.9558107061862566,0.6038083538083538,0.8703931203931204,,24.195198467094755,44.150559511698894
contact-primary-school,0.8083974013814177,0.9548239924633072,0.6081542562052308,0.8713143428285857,,18.11319418291927,43.27193042525505
DAWN,0.8865737195011788,0.942570921324396,0.7876119525031339,0.8632339670538753,,6.3161359954052605,9.601430540814523
