,PR1,PR2,ROC1,ROC2,/,%PR2,%ROC2
email-Eu,0.8245689758511426,0.8813910364297691,0.6819403570354409,0.742932959724057,,6.8911227856921515,8.943979053207194
email-Enron,0.7207597839919688,0.7214374013266274,0.4683306494900698,0.5319377348362856,,0.0940143095811368,13.581661891117477
