,PR1,PR2,ROC1,ROC2,/,%PR2,%ROC2
email-Eu,0.9308475099582574,0.9389514397157012,0.8154936172966881,0.8249391806230798,,0.8705969206285253,1.1582633053221374
email-Enron,0.8953316249143509,0.8817198893851441,0.7383252818035426,0.7074610842726785,,-1.5203009868560073,-4.180298073427833
