,PR1,PR2,ROC1,ROC2,/,%PR2,%ROC2
email-Eu,0.9308475099582574,0.9389514397157012,0.8154936172966881,0.8249391806230798,,0.8705969206285253,1.1582633053221374
email-Enron,0.8953316249143509,0.8817198893851441,0.7383252818035426,0.7074610842726785,,-1.5203009868560071,-4.180298073427832
contact-high-school,0.9506455542025892,0.9527870389523624,0.8558558558558558,0.8591318591318591,,0.2252663719202441,0.3827751196172281
contact-primary-school,0.9662748748125001,0.967818923619074,0.9070464767616192,0.9094619356988172,,0.15979395168207153,0.2662993572084493
DAWN,0.9633316485518132,0.9633653262471352,0.8839131552673869,0.8840915284404304,,0.0034959606458013627,0.020179943242220368
NDC-classes,0.6556425682992246,0.7160997020549279,0.27111111111111114,0.5758730158730158,,9.221050718615288,112.41217798594843
tags-ask-ubuntu,0.8759287821462878,0.8759639769902913,0.6618966389739361,0.6619315847732816,,0.00401800291540329,0.005279645988180221
tags-math-sx,0.9343528941028184,0.9345914226800468,0.8051257837637733,0.8055544557678942,,0.025528746015960058,0.053242861272799945
threads-ask-ubuntu,0.979973138989225,0.9802120880067544,0.9467114881502002,0.9476644255924901,,0.02438322113357823,0.10065764007488948
