,PR1,PR2,ROC1,ROC2,/,%PR2,%ROC2
email-Eu,0.9536091909653572,0.9535536265643282,0.9056604851082948,0.905563402534807,,-0.005826747639952097,-0.010719532880593678
email-Enron,0.912424521987741,0.9122744108558488,0.7992485238862049,0.7944176060118089,,-0.016451895830814214,-0.6044325050369264
contact-high-school,0.9684126158678064,0.9732724035975804,0.9213759213759214,0.9377559377559378,,0.5018302787618292,1.7777777777777806
contact-primary-school,0.9639670903144696,0.9453089815457671,0.9156671664167916,0.9057554556055306,,-1.9355545387566704,-1.0824578159821636
DAWN,0.99285680461495,0.9929046719456329,0.9819831068426588,0.9821030488779812,,0.004821171639300408,0.01221426666982508
