,PR1,PR2,ROC1,ROC2,/,%PR2,%ROC2
email-Eu,0.9536091909653572,0.9535536265643282,0.9056604851082948,0.905563402534807,,-0.005826747639952097,-0.010719532880593678
email-Enron,0.912424521987741,0.9122744108558488,0.7992485238862049,0.7944176060118089,,-0.016451895830814214,-0.6044325050369264
