,PR1,PR2,ROC1,ROC2,/,%PR2,%ROC2
email-Eu,0.7896999169841583,0.7907285679435394,0.6321864899129302,0.6353112162733235,,0.13025846112653566,0.4942728783754387
email-Enron,0.68912622221629,0.6879506178592509,0.3636607622114869,0.3612453032742888,,-0.1705934731750825,-0.6642066420664388
contact-high-school,0.7778545175043913,0.947852788532702,0.6053439803439804,0.8541154791154791,,21.854764252539173,41.0958904109589
contact-primary-school,0.8228296937889783,0.9398287382821005,0.6260203231717474,0.8355822088955522,,14.219108203832949,33.4752527940394
DAWN,0.8789422098179174,0.8789702777674475,0.7646584571583201,0.7646586931983109,,0.0031933782695401872,3.08686824248894e-05
