,PR1,PR2,ROC1,ROC2,/,%PR2,%ROC2
email-Eu,0.7896999169841583,0.7907285679435394,0.6321864899129302,0.6353112162733235,,0.13025846112653566,0.4942728783754387
email-Enron,0.68912622221629,0.6879506178592509,0.3636607622114869,0.3612453032742888,,-0.1705934731750825,-0.6642066420664388
contact-high-school,0.7778545175043913,0.947852788532702,0.6053439803439804,0.8541154791154791,,21.854764252539173,41.0958904109589
contact-primary-school,0.8228296937889783,0.9398287382821005,0.6260203231717474,0.8355822088955522,,14.219108203832949,33.4752527940394
DAWN,0.8789422098179174,0.8789702777674475,0.7646584571583201,0.7646586931983109,,0.0031933782695401872,3.08686824248894e-05
NDC-classes,0.9016447347793844,0.9241056716603002,0.7374603174603174,0.8,,2.491107197161368,8.480413258717196
tags-ask-ubuntu,0.8402646679592345,0.8422510134773786,0.7249059077178228,0.7249926982650219,,0.2363952209210952,0.011972663800230914
tags-math-sx,0.8828641297931072,0.8902674860318679,0.7632824032929102,0.7818631452961309,,0.8385612223814873,2.4343207603189443
threads-ask-ubuntu,0.9587985360519042,0.9771145729597728,0.8883764716066483,0.9439139927670053,,1.910311313499649,6.251574972479415
