,PR1,PR2,ROC1,ROC2,/,%PR2,%ROC2
email-Eu,0.7896999169841583,0.7907285679435394,0.6321864899129302,0.6353112162733235,,0.13025846112653566,0.4942728783754387
email-Enron,0.68912622221629,0.687950617859251,0.3636607622114869,0.3612453032742888,,-0.1705934731750825,-0.6642066420664388
