,PR1,PR2,PR3,ROC1,ROC2,ROC3,/,%PR2,%PR3,%ROC2,%PR3.1,%ROC3
email-Eu,0.8581910888821441,0.8931034378638569,0.9097966927072916,0.7134659214239202,0.7712068591274148,0.7913962448448015,,4.068132311556471,1.8691289424842013,8.093019718202727,,2.617894988671402
email-Enron,0.6888391303455058,0.7067309955920895,0.6933625791332751,0.4934895833333333,0.4817708333333334,0.4296875,,2.5973938556030576,-1.8915848522554883,-2.3746701846965586,,-10.810810810810828
DAWN,0.8742071471913231,0.8989110046812413,0.900965019919718,0.7712375003097376,0.8254906751711478,0.8282739266728167,,2.8258585587280374,0.2285003996813976,7.0345613173142585,,0.33716328789442324
NDC-classes,0.9071257641543118,0.9048065932565544,0.9076417641683192,0.7387706855791962,0.7234042553191491,0.7328605200945626,,-0.25566145174143073,0.3133455185776535,-2.079999999999995,,1.3071895424836308
tags-ask-ubuntu,0.8063428427445379,0.8655480767346847,0.8779267241630004,0.6924029327531185,0.7409831354677212,0.7428913756848795,,7.342439326258633,1.4301513412189288,7.016175180171336,,0.2575281576352993
tags-math-sx,0.8932837478354968,0.9336531353684112,0.9400737852540044,0.7955461732793622,0.8529363115115596,0.8569328578116553,,4.5192121350839285,0.6876911395000637,7.213929267691219,,0.468563273266336
threads-ask-ubuntu,0.967828928697078,0.9876212871127874,0.9875964955549946,0.9012369943123932,0.9687823387374956,0.9687342066630835,,2.0450265360795297,-0.0025102291856482833,7.4947372168889625,,-0.004968306345762529
