,PR1,PR2,PR3,ROC1,ROC2,ROC3,/,%PR2,%PR3,%ROC2,%PR3.1,%ROC3
email-Eu,0.8581910888821441,0.8931034378638569,0.9097966927072916,0.7134659214239202,0.7712068591274148,0.7913962448448015,,4.068132311556471,1.8691289424842013,8.093019718202727,,2.617894988671402
email-Enron,0.6888391303455058,0.7067309955920895,0.6933625791332751,0.4934895833333333,0.4817708333333334,0.4296875,,2.5973938556030576,-1.8915848522554883,-2.3746701846965586,,-10.810810810810828
