,PR1,PR2,PR3,ROC1,ROC2,ROC3,/,%PR2,%PR3,%ROC2,%PR3.1,%ROC3
email-Eu,0.9269407970988882,0.9314182480052696,0.930955827891598,0.8472813110484045,0.8511287171695245,0.854476883004124,,0.4830352618413916,-0.0496468814801539,0.4540883967285101,,0.3933794932609047
email-Enron,0.8695298065103068,0.7917683178258809,0.818799099590217,0.7395833333333334,0.7161458333333334,0.71875,,-8.942935377512462,3.413976179112605,-3.169014084507042,,0.36363636363635843
