,PR1,PR2,PR3,ROC1,ROC2,ROC3,/,%PR2,%PR3,%ROC2,%PR3.1,%ROC3
email-Eu,0.9269407970988882,0.9314182480052696,0.930955827891598,0.8472813110484045,0.8511287171695245,0.854476883004124,,0.4830352618413916,-0.0496468814801539,0.4540883967285101,,0.3933794932609047
email-Enron,0.8695298065103068,0.7917683178258809,0.818799099590217,0.7395833333333334,0.7161458333333334,0.71875,,-8.942935377512462,3.4139761791126046,-3.169014084507042,,0.3636363636363584
DAWN,0.9467909092455836,0.960771550390888,0.9452287482332994,0.8866915187948791,0.9080542952788676,0.8709174854910773,,1.4766344932952786,-1.617741715110639,2.409268164989672,,-4.089712474338931
NDC-classes,0.748701063379838,0.7409548334523981,0.73126031262418,0.3995271867612293,0.39361702127659576,0.38888888888888895,,-1.0346225357916992,-1.3083821564463691,-1.4792899408283906,,-1.2012012012011888
tags-ask-ubuntu,0.8953416418226565,0.9276433753295572,0.9276247367800852,0.7653442575058811,0.8268575507807305,0.8267777820407393,,3.607755073375509,-0.002009236519940229,8.03733648898212,,-0.009647216732307977
tags-math-sx,0.9340312606529622,0.9563373045318436,0.9583945394680324,0.8569544109835058,0.9000024161070561,0.8992360564193042,,2.388147465566384,0.2151160397529292,5.023371672029223,,-0.08515084782403534
threads-ask-ubuntu,0.9521452783620484,0.9900963783079916,0.9910394929221972,0.8549178947030653,0.9710686122720746,0.975825665626479,,3.9858518241280865,0.09525482921342644,13.586183923469212,,0.48987819133335514
