,PR1,PR2,PR3,ROC1,ROC2,ROC3,/,%PR2,%PR3,%ROC2,%PR3.1,%ROC3
email-Eu,0.8546465263906122,0.8906634221429364,0.8990669980381795,0.7129748209246798,0.7629178424137184,0.7702952029520296,,4.214244677788907,0.9435186947527376,7.0048787170724935,,0.966992791120298
email-Enron,0.6864221447041262,0.7150044916017695,0.6977316616549074,0.4934895833333334,0.51953125,0.46875,,4.1639604896434905,-2.4157652364067093,5.277044854881248,,-9.774436090225564
