,PR1,PR2,PR3,ROC1,ROC2,ROC3,/,%PR2,%PR3,%ROC2,%PR3.1,%ROC3
email-Eu,0.9123280183178152,0.9289572992971972,0.9287236574162944,0.7934664640764056,0.8061048404601693,0.8055133492511395,,1.8227304922678795,-0.025150981759813132,1.5928053617835884,,-0.0733764616389274
email-Enron,0.8569796328805177,0.8433374703404031,0.8031069937220932,0.7135416666666666,0.7161458333333334,0.7057291666666666,,-1.5918887703620206,-4.770388845887681,0.3649635036496454,,-1.4545454545454648
