,PR1,PR2,PR3,ROC1,ROC2,ROC3,/,%PR2,%PR3,%ROC2,%PR3.1,%ROC3
email-Eu,0.9123280183178152,0.9289572992971972,0.9287236574162944,0.7934664640764056,0.8061048404601693,0.8055133492511395,,1.8227304922678795,-0.025150981759813132,1.5928053617835884,,-0.0733764616389274
email-Enron,0.8569796328805177,0.8433374703404031,0.8031069937220932,0.7135416666666666,0.7161458333333334,0.7057291666666666,,-1.5918887703620206,-4.770388845887682,0.3649635036496454,,-1.4545454545454648
DAWN,0.9566585466110442,0.9566041584857572,0.9580461611942158,0.8636798616925039,0.8635188793713119,0.8704305170160711,,-0.005685218145982058,0.15074183983699385,-0.018639119462219,,0.8004037676386716
NDC-classes,0.6524734616304383,0.7130201257444148,0.7136138120457792,0.2411347517730497,0.4503546099290779,0.4515366430260047,,9.279559656369619,0.08326361065119227,86.76470588235294,,0.26246719160106263
tags-ask-ubuntu,0.8454447610147866,0.8455098229829087,0.8455098229829087,0.6014897124211346,0.6015450590145378,0.6015450590145378,,0.007695590666853985,0.0,0.009201586038844179,,0.0
tags-math-sx,0.91185224700195,0.9118704238405982,0.9118704264583508,0.74574700253034,0.7457686492590948,0.7457686492590947,,0.0019933973632247845,2.870750604281054e-07,0.0029026906821445608,,-1.4886962943912158e-14
threads-ask-ubuntu,0.9907057477255796,0.9907057477255796,0.9907057477255796,0.975845720657484,0.9758457206574842,0.9758457206574841,,0.0,0.0,2.2754068622182097e-14,,-1.1377034311091045e-14
