,PR1,PR2,PR3,ROC1,ROC2,ROC3,/,%PR2,%PR3,%ROC2,%PR3.1,%ROC3
email-Eu,0.9324650120750252,0.9307736756761094,0.930908311917614,0.8800412415888866,0.8695789016713698,0.8681191664857825,,-0.18138336313038514,0.014464981662365109,-1.1888465475353702,,-0.16786690463414058
email-Enron,0.8904070142853382,0.9397219703205286,0.9402795816529628,0.8385416666666666,0.8776041666666666,0.8776041666666667,,5.538473444615864,0.059337905257653416,4.658385093167702,,1.2650612506114545e-14
DAWN,0.9951543509198832,0.9951751880012768,0.9952076506334784,0.9873479594485408,0.9874020264355476,0.9874792475792736,,0.0020938542221408487,0.0032620017654156077,0.005475981034771636,,0.007820638570557087
NDC-classes,0.903132698730696,0.9260583731749809,0.9303440589859008,0.7647754137115841,0.8026004728132388,0.8167848699763594,,2.538461344219474,0.4627878690008193,4.945904173106623,,1.7673048600883676
tags-ask-ubuntu,0.9776379175995352,0.9776615534976124,0.9775637572162824,0.9458171796627156,0.945867757389009,0.9451886214060348,,0.0024176535762172532,-0.010003081432425991,0.005347516135347766,,-0.071800310103498
tags-math-sx,0.9830686010341716,0.9829579311413764,0.9841405673532002,0.9582218778236644,0.95807299370493,0.9607507794225704,,-0.01125759613101944,0.1203140210131434,-0.015537541166615869,,0.2794970461786283
threads-ask-ubuntu,0.8735895986422472,0.8738126331522886,0.9684673166998765,0.6261982881025534,0.6310836936553903,0.9324225675252894,,0.025530811079723208,10.832377555142465,0.7801691006917615,,47.74943116094016
