,PR1,PR2,PR3,ROC1,ROC2,ROC3,/,%PR2,%PR3,%ROC2,%PR3.1,%ROC3
email-Eu,0.9324650120750252,0.9307736756761094,0.930908311917614,0.8800412415888866,0.8695789016713698,0.8681191664857825,,-0.18138336313038514,0.014464981662365109,-1.1888465475353702,,-0.16786690463414058
email-Enron,0.8904070142853382,0.9397219703205286,0.9402795816529628,0.8385416666666666,0.8776041666666666,0.8776041666666667,,5.538473444615864,0.05933790525765341,4.658385093167702,,1.2650612506114543e-14
