,PR1,PR2,PR3,ROC1,ROC2,ROC3,/,%PR2,%PR3,%ROC2,%PR3.1,%ROC3
email-Eu,0.8116378315354308,0.8114129474973002,0.8274841653379641,0.6520675059691773,0.6526128717169525,0.6800656609507272,,-0.027707436666075804,1.9806459695070828,0.08363639389829892,,4.20659634885065
email-Enron,0.7960211358227518,0.8296819315275321,0.8186411607156243,0.6067708333333334,0.6197916666666667,0.609375,,4.228630898096592,-1.330723303999229,2.145922746781122,,-1.6806722689075748
DAWN,0.8693680210821382,0.8694261853946055,0.8696021282496175,0.749593502374926,0.749615539445137,0.7496633304370326,,0.006690413157238284,0.02023666390173597,0.0029398694280659784,,0.006375400372694037
NDC-classes,0.8851589712211863,0.8858271107958371,0.8847631356616757,0.6737588652482271,0.6749408983451537,0.6713947990543736,,0.07548243833862496,-0.12011092471593653,0.17543859649120355,,-0.5253940455341432
tags-ask-ubuntu,0.8090495987924827,0.812381946115791,0.8177743274123371,0.6979047339056897,0.6995692765389766,0.7033929911675034,,0.4118841821665569,0.6637741424866165,0.23850570893416434,,0.5465812688979318
tags-math-sx,0.8811709729552964,0.8866920620646972,0.8914955962953539,0.7709690493177738,0.7806216192043135,0.7871274260006986,,0.6265627532967818,0.5417364647960754,1.2520048496215554,,0.8334136073526233
threads-ask-ubuntu,0.9566092477990604,0.9824094593281899,0.9823550627357547,0.8808851488484402,0.9570902556615352,0.9569378374258968,,2.697048098634838,-0.005537059106945349,8.650969642605077,,-0.015925168471497456
