,PR1,PR2,PR3,ROC1,ROC2,ROC3,/,%PR2,%PR3,%ROC2,%PR3.1,%ROC3
email-Eu,0.8116378315354308,0.8114129474973002,0.8274841653379641,0.6520675059691773,0.6526128717169525,0.6800656609507272,,-0.027707436666075804,1.9806459695070828,0.08363639389829892,,4.20659634885065
email-Enron,0.7960211358227518,0.8296819315275321,0.8186411607156243,0.6067708333333334,0.6197916666666667,0.609375,,4.228630898096592,-1.330723303999229,2.145922746781122,,-1.6806722689075748
