,PR1,PR2,ROC1,ROC2,/,%PR2,%ROC2
email-Eu,0.27178533563832896,0.6184809125821663,0.7595265386600426,0.9057485164665184,,127.56228224365762,19.25172727531561
email-Enron,0.15415426151318387,0.32824886367404016,0.611279143037177,0.7941923965553455,,112.93531586602752,29.92303198982923
