,PR1,PR2,ROC1,ROC2,/,%PR2,%ROC2
email-Eu,0.27178533563832896,0.6184809125821663,0.7595265386600426,0.9057485164665184,,127.56228224365762,19.25172727531561
email-Enron,0.15415426151318387,0.32824886367404016,0.611279143037177,0.7941923965553455,,112.93531586602751,29.92303198982923
contact-high-school,0.2299927196181657,0.8170856455830848,0.7677136596055515,0.9294172550929308,,255.2658740414096,21.063008774711907
contact-primary-school,0.1649006374575115,0.7758563271004182,0.6894299248070489,0.8985640465070058,,370.499289185784,30.334355120788732
DAWN,0.3957452155469389,0.6031364728362087,0.8436891313001709,0.9071538206934742,,52.40524689670477,7.522283627797912
NDC-classes,0.5266098463809469,0.2244493516244277,0.7796571428571428,0.7724571428571427,,-57.37843620529986,-0.923482849604234
tags-ask-ubuntu,0.2907666014298259,0.5047578156386112,0.7849843656332884,0.8378969053778942,,73.59552753187519,6.740585171007629
tags-math-sx,0.4632515968161768,0.7208852531418706,0.8341176603606855,0.91187384482046,,55.61419714391737,9.321968369084932
threads-ask-ubuntu,0.07086256512802484,0.073358364253724,0.2753247441520468,0.3020256905971069,,3.522027633617386,9.697982841060822
