,PR1,PR2,ROC1,ROC2,/,%PR2,%ROC2
email-Eu,0.27178533563832896,0.6184809125821663,0.7595265386600426,0.9057485164665184,,127.56228224365762,19.25172727531561
email-Enron,0.15415426151318387,0.32824886367404016,0.611279143037177,0.7941923965553455,,112.93531586602751,29.92303198982923
contact-high-school,0.2299927196181657,0.8170856455830848,0.7677136596055515,0.9294172550929308,,255.2658740414096,21.063008774711907
contact-primary-school,0.1649006374575115,0.7758563271004182,0.6894299248070489,0.8985640465070058,,370.499289185784,30.334355120788732
DAWN,0.3957452155469389,0.6031364728362087,0.8436891313001709,0.9071538206934741,,52.405246896704774,7.522283627797913
