,PR1,PR2,ROC1,ROC2,/,%PR2,%ROC2
email-Eu,0.6854474662915215,0.6803246571737177,0.9326267530854532,0.9307589869026436,,-0.7473671389464429,-0.2002694193181114
email-Enron,0.5963620064007747,0.6058949728241217,0.9113841629909682,0.9164986347406008,,1.5985200802581874,0.5611762807955679
contact-high-school,0.5007768655061811,0.7738890775305879,0.920318967616265,0.9702986770554338,,54.53770548053319,5.4306942699032055
contact-primary-school,0.6795435637714852,0.8468684239896609,0.9605684189605488,0.977793235946868,,24.62312486480165,1.7931900160697043
DAWN,0.7237125498123108,0.810889222784245,0.9490873918310572,0.954614978188278,,12.045759465487066,0.5824106825986464
NDC-classes,0.13098617808881632,0.12396463637685505,0.5495873015873016,0.5427936507936508,,-5.36052109803545,-1.2361367837338266
tags-ask-ubuntu,0.6115281041646909,0.6992199094047201,0.9183557709698232,0.9272495649594348,,14.339783346476068,0.9684475527626196
tags-math-sx,0.7172570748582283,0.8379077340924159,0.9544822624073706,0.9681997490788076,,16.821118043071962,1.4371651744307041
threads-ask-ubuntu,0.10616229748523452,0.1230675906598239,0.22261274622960908,0.36245450523237915,,15.924008405093748,62.81839713640356
