,PR1,PR2,ROC1,ROC2,/,%PR2,%ROC2
email-Eu,0.6854474662915215,0.6803246571737177,0.9326267530854532,0.9307589869026436,,-0.7473671389464429,-0.2002694193181114
email-Enron,0.5963620064007747,0.6058949728241217,0.9113841629909682,0.9164986347406008,,1.5985200802581874,0.5611762807955679
