,PR1,PR2,ROC1,ROC2,/,%PR2,%ROC2
email-Eu,0.6854474662915215,0.6803246571737177,0.9326267530854532,0.9307589869026436,,-0.7473671389464429,-0.2002694193181114
email-Enron,0.5963620064007747,0.6058949728241217,0.9113841629909682,0.9164986347406008,,1.5985200802581874,0.5611762807955679
contact-high-school,0.5007768655061811,0.7738890775305879,0.920318967616265,0.9702986770554338,,54.53770548053319,5.4306942699032055
contact-primary-school,0.6795435637714852,0.8468684239896609,0.9605684189605488,0.977793235946868,,24.62312486480165,1.7931900160697043
DAWN,0.7237125498123108,0.810889222784245,0.9490873918310571,0.954614978188278,,12.045759465487063,0.5824106825986464
