,PR1,PR2,ROC1,ROC2,/,%PR2,%ROC2
email-Eu,0.25416690920257223,0.6250008005715878,0.7466919122626859,0.9054039232021064,,145.90171967408205,21.255354227485675
email-Enron,0.13786581625270825,0.27600190929420876,0.5869145137576139,0.8070048309178744,,100.19604336748485,37.49955266077373
