,PR1,PR2,ROC1,ROC2,/,%PR2,%ROC2
email-Eu,0.25416690920257223,0.6250008005715878,0.7466919122626859,0.9054039232021064,,145.90171967408205,21.255354227485675
email-Enron,0.13786581625270825,0.2760019092942088,0.5869145137576139,0.8070048309178744,,100.19604336748483,37.49955266077372
contact-high-school,0.2298182303379684,0.8245041964326063,0.7673240808375943,0.9303140978816656,,258.7636173249175,21.241353049438363
contact-primary-school,0.1581700966233056,0.7737407309667534,0.6809765146245321,0.8954122362449898,,389.1826884379272,31.489444498492052
DAWN,0.3872257689911425,0.7494933459478691,0.8391270930413538,0.9169651114605009,,93.55461489573881,9.276070224002533
