,PR1,PR2,ROC1,ROC2,/,%PR2,%ROC2
email-Eu,0.7731139529995644,0.7886849484529771,0.9049793669699736,0.905583079775222,,2.014062143491198,0.06671011818421188
email-Enron,0.6764077900953386,0.7182910145052048,0.8707624448645243,0.8708464608275573,,6.192007990322359,0.009648551511217506
