,PR1,PR2,ROC1,ROC2,/,%PR2,%ROC2
email-Eu,0.7731139529995644,0.7886849484529771,0.9049793669699736,0.905583079775222,,2.014062143491198,0.06671011818421188
email-Enron,0.6764077900953386,0.7182910145052048,0.8707624448645243,0.8708464608275573,,6.192007990322359,0.009648551511217506
contact-high-school,0.7753445440783411,0.8073329329619823,0.9389335281227172,0.9402808213619024,,4.125699874713902,0.1434918659129035
contact-primary-school,0.8482798453591475,0.8584156917523276,0.95553015999205,0.9560634668256652,,1.1948705900101582,0.05581266358137802
DAWN,0.8706655469951972,0.8709665371974149,0.9175795407383378,0.9175817093178128,,0.0345701289383171,0.00023633694721839784
NDC-classes,0.14009210501035374,0.15405640266925866,0.4769523809523809,0.4792888888888888,,9.967940490203114,0.4898828541001019
tags-ask-ubuntu,0.6390413611719468,0.6396486709419351,0.7749549028292819,0.7750063633916541,,0.095034501190126,0.006640458971762575
tags-math-sx,0.7934208285417892,0.7943930720087352,0.8720776954165589,0.8721734212138821,,0.1225381830135322,0.010976751019570885
threads-ask-ubuntu,0.5442499921906173,0.08760169165712885,0.5161912607725454,0.514904970760234,,-83.9041446184445,-0.2491886457717827
