,PR1,PR2,ROC1,ROC2,/,%PR2,%ROC2
email-Eu,0.6879941439689747,0.7029484457979842,0.9193157693509242,0.90434213356704,,2.173608883171517,-1.6287804781654218
email-Enron,0.5860005446104614,0.5937409469484628,0.8918924595673179,0.897332493173703,,1.3208865433984882,0.6099427737088654
