,PR1,PR2,ROC1,ROC2,/,%PR2,%ROC2
email-Eu,0.6879941439689747,0.7029484457979842,0.9193157693509242,0.90434213356704,,2.173608883171517,-1.6287804781654218
email-Enron,0.5860005446104614,0.5937409469484628,0.8918924595673179,0.897332493173703,,1.3208865433984882,0.6099427737088654
contact-high-school,0.6701283853619793,0.6708055566568653,0.9147065984903824,0.9153234315396478,,0.10105097913740774,0.06743507156102516
contact-primary-school,0.7531932364364918,0.7660809147491368,0.9383583424426116,0.9472754976978368,,1.7110719652262296,0.95029317179759
DAWN,0.9272601402730694,0.9277788142262797,0.9828706276350682,0.9837064794864305,,0.055936185616436006,0.08504189949938284
