,PR1,PR2,ROC1,ROC2,/,%PR2,%ROC2
email-Eu,0.6879941439689747,0.7029484457979842,0.9193157693509242,0.90434213356704,,2.173608883171517,-1.6287804781654218
email-Enron,0.5860005446104614,0.5937409469484628,0.8918924595673179,0.897332493173703,,1.3208865433984882,0.6099427737088654
contact-high-school,0.6701283853619793,0.6708055566568653,0.9147065984903824,0.9153234315396478,,0.10105097913740774,0.06743507156102516
contact-primary-school,0.7531932364364918,0.7660809147491368,0.9383583424426116,0.9472754976978368,,1.7110719652262296,0.95029317179759
DAWN,0.9272601402730694,0.9277788142262796,0.9828706276350682,0.9837064794864304,,0.055936185616436006,0.08504189949938283
NDC-classes,0.4435754329754159,0.44180024072598784,0.705815873015873,0.7044063492063493,,-0.400200758982623,-0.19970134753430954
tags-ask-ubuntu,0.7128711237901884,0.6781417043787609,0.930342826513952,0.9329473883545796,,-4.8717668948039785,0.2799572121587652
tags-math-sx,0.7936103548341438,0.7845083074563504,0.9547605306724559,0.9642150947631858,,-1.1469164083293295,0.9902550207087883
threads-ask-ubuntu,0.3724396798555631,0.36874138115853955,0.4640682613881194,0.5437273872730071,,-0.9929926635254833,17.165389774041333
