,PR1,PR2,ROC1,ROC2,/,%PR2,%ROC2
email-Eu,0.22558045908255345,0.3128050432959702,0.7583258399722106,0.8260653051172498,,38.666728744219824,8.932764990247678
email-Enron,0.1973404555168536,0.2329546286848985,0.6733774417139257,0.7245956731779037,,18.04707153166745,7.6061697780688915
contact-high-school,0.21333411936348207,0.7258955346644452,0.7526742959175392,0.9014284554825096,,240.26227817204082,19.763416974885963
contact-primary-school,0.22097579089968733,0.6211623511459567,0.7454735168438835,0.8774305210507138,,181.0997298015941,17.701098862035714
DAWN,0.34785906096047475,0.3520435880194623,0.7993777766029807,0.8052481313562174,,1.2029374906703938,0.7343655184139914
