,PR1,PR2,ROC1,ROC2,/,%PR2,%ROC2
email-Eu,0.22558045908255345,0.3128050432959702,0.7583258399722106,0.8260653051172498,,38.666728744219824,8.932764990247678
email-Enron,0.19734045551685356,0.2329546286848985,0.6733774417139257,0.7245956731779037,,18.04707153166745,7.6061697780688915
