,PR1,PR2,ROC1,ROC2,/,%PR2,%ROC2
email-Eu,0.2580265762963752,0.6304604654153595,0.7635443520550705,0.9092494875633844,,144.33935235074318,19.082733716273342
email-Enron,0.1372901454128122,0.4536586120618292,0.5746345351202835,0.8538769688961598,,230.4378553156465,48.59478794072563
contact-high-school,0.232139592979982,0.8791682222900258,0.7971593214836459,0.9517165814463112,,278.7239440735294,19.388503125699955
contact-primary-school,0.1897027314541227,0.8378189350390114,0.7232242173843952,0.9341298532761271,,341.6483245216886,29.16186029479084
DAWN,0.26206349238446014,,0.8040846082601851,,,,
