,PR1,PR2,ROC1,ROC2,/,%PR2,%ROC2
email-Eu,0.2580265762963752,0.6304604654153595,0.7635443520550705,0.9092494875633844,,144.33935235074318,19.082733716273342
email-Enron,0.1372901454128122,0.45365861206182917,0.5746345351202835,0.8538769688961598,,230.43785531564657,48.59478794072563
