,PR1,PR2,ROC1,ROC2,/,%PR2,%ROC2
email-Eu,0.2580265762963752,0.6304604654153595,0.7635443520550705,0.9092494875633844,,144.33935235074318,19.082733716273342
email-Enron,0.1372901454128122,0.4536586120618292,0.5746345351202835,0.8538769688961598,,230.43785531564652,48.59478794072563
contact-high-school,0.23213959297998202,0.8791682222900258,0.7971593214836459,0.9517165814463112,,278.7239440735294,19.388503125699955
contact-primary-school,0.1897027314541227,0.8378189350390114,0.7232242173843952,0.9341298532761272,,341.6483245216886,29.16186029479084
DAWN,0.2620634923844601,0.4388833439419927,0.8040846082601851,0.8881068856975991,,67.47214194113279,10.449432382397498
NDC-classes,0.5135220395526731,0.2143924481527952,0.7418048300401241,0.7458172458172458,,-58.25058485521839,0.5408991172118299
tags-ask-ubuntu,0.20284237191199367,0.3588157420837588,0.7937876571797677,0.838552335431408,,76.89388006142845,5.639376960166367
tags-math-sx,0.4580490855460376,0.6231355065724475,0.8559902582094654,0.9130121957596709,,36.04120742422428,6.661517114631915
threads-ask-ubuntu,0.4767900322904378,0.47697023690193,0.7388011029063821,0.7404021791903556,,0.037795381465197085,0.21671276310700321
