,PR1,PR2,ROC1,ROC2,/,%PR2,%ROC2
email-Eu,0.5420967079912338,0.5789139971952101,0.8717815906181519,0.8690860018710616,,6.791645966714058,-0.3092045962084323
email-Enron,0.5407978885413187,0.6714276496198346,0.8721030222949306,0.8381467732125256,,24.15500575101364,-3.8936052523989058
