,PR1,PR2,ROC1,ROC2,/,%PR2,%ROC2
email-Eu,0.5420967079912338,0.5789139971952101,0.8717815906181519,0.8690860018710616,,6.791645966714058,-0.3092045962084323
email-Enron,0.5407978885413187,0.6714276496198346,0.8721030222949306,0.8381467732125256,,24.15500575101364,-3.8936052523989058
contact-high-school,0.5749029766900396,0.7052632841151532,0.8690366041717393,0.9273273273273273,,22.67518393723635,6.707510693539038
contact-primary-school,0.8685631664557809,0.9508978479697324,0.9755465729117008,0.9870474468986704,,9.479412055881069,1.178915933520554
DAWN,0.4760603070536318,0.4663153949381587,0.8898189567000832,0.8820753936483677,,-2.0469910998850054,-0.8702402880280978
NDC-classes,0.3985674910523621,0.3722142143829269,0.6865773336361571,0.6661367249602543,,-6.611998535016768,-2.977174991730071
tags-ask-ubuntu,0.41063959078902695,0.4670979145802539,0.7937011769813034,0.8115640238272539,,13.748874939882104,2.2505758292924014
tags-math-sx,0.4844161421758888,0.4850068369449844,0.8724838094210778,0.8728242172246305,,0.12193953042983965,0.03901594503840517
threads-ask-ubuntu,0.7973216134580283,0.8389078316376436,0.8689364963217219,0.9115505090958615,,5.21573948049063,4.904157318115676
