,PR1,PR2,ROC1,ROC2,/,%PR2,%ROC2
email-Eu,0.2491442189811157,0.6227537356533761,0.7560688463694922,0.9081329157481924,,149.95712852585945,20.112463317181327
email-Enron,0.12060910353464548,0.3814703774507269,0.5613267895719289,0.8444178778917344,,216.2865540586228,50.43249201337644
contact-high-school,0.2431651009182573,0.8840869368555537,0.7974474474474474,0.9520209398587776,,263.57476196913206,19.383533411023524
contact-primary-school,0.187007007434004,0.8358074408941328,0.7190429842682347,0.933116822924943,,346.9391026371538,29.77205025852105
DAWN,0.25314861170546554,,0.8007645737801826,,,,
