,PR1,PR2,ROC1,ROC2,/,%PR2,%ROC2
email-Eu,0.2491442189811157,0.6227537356533761,0.7560688463694922,0.9081329157481924,,149.95712852585945,20.112463317181327
email-Enron,0.12060910353464548,0.3814703774507269,0.5613267895719289,0.8444178778917344,,216.2865540586228,50.43249201337644
contact-high-school,0.2431651009182573,0.8840869368555537,0.7974474474474474,0.9520209398587776,,263.57476196913206,19.383533411023524
contact-primary-school,0.18700700743400397,0.8358074408941328,0.7190429842682347,0.933116822924943,,346.9391026371538,29.772050258521052
DAWN,0.25314861170546554,0.5890961823845927,0.8007645737801826,0.903654812311042,,132.70764884541296,12.848999805915966
NDC-classes,0.5232627859744484,0.23415802059537105,0.7625230272289095,0.7706109470815352,,-55.25039676587945,1.0606787682226542
tags-ask-ubuntu,0.20268741295544632,0.4464140207514128,0.79304546566683,0.843561899429847,,120.2475300474338,6.369929083516097
tags-math-sx,0.4506580324925706,0.7345990234895846,0.8522271685513477,0.9217684057375546,,63.0058648742037,8.159941357468812
threads-ask-ubuntu,0.4788510147659027,0.47909346556284604,0.7357133170521145,0.7378150735155506,,0.05063178096466548,0.28567601193594466
