,PR1,PR2,ROC1,ROC2,/,%PR2,%ROC2
email-Eu,0.2491442189811157,0.6227537356533761,0.7560688463694922,0.9081329157481924,,149.95712852585945,20.112463317181327
email-Enron,0.12060910353464548,0.38147037745072687,0.5613267895719289,0.8444178778917344,,216.2865540586228,50.43249201337644
