,PR1,PR2,ROC1,ROC2,/,%PR2,%ROC2
email-Eu,0.9302522807193554,0.9302522807193554,0.9232781168265038,0.9232781168265038,,0.0,0.0
email-Enron,0.9209382151029748,0.9209382151029748,0.9130434782608696,0.9130434782608696,,0.0,0.0
contact-high-school,0.9754299754299754,0.9754299754299754,0.972972972972973,0.972972972972973,,0.0,0.0
contact-primary-school,0.9712703857495336,0.9712703857495336,0.9683908045977012,0.9683908045977012,,0.0,0.0
DAWN,0.9512694328025456,,0.9463962453905465,,,,
