,PR1,PR2,ROC1,ROC2,/,%PR2,%ROC2
email-Eu,0.9302522807193554,0.9302522807193554,0.9232781168265038,0.9232781168265038,,0.0,0.0
email-Enron,0.9209382151029748,0.9209382151029748,0.9130434782608696,0.9130434782608696,,0.0,0.0
