,PR1,PR2,ROC1,ROC2,/,%PR2,%ROC2
email-Eu,0.5070596159716688,0.7239567276749221,0.8664819216983017,0.9117074124301324,,42.77546562007654,5.219438467127968
email-Enron,0.6027268225057202,0.679176684322819,0.8946286625138951,0.8789823612072402,,12.683998614707948,-1.74891571914195
contact-high-school,0.6453187664348473,0.6597718557529455,0.8792062332602872,0.8847252658063469,,2.2396821648231735,0.6277290056957294
contact-primary-school,0.7425181680480899,0.7344027845581876,0.8928968695375813,0.8986936543249113,,-1.092954198176153,0.6492110102628209
DAWN,0.8009062662044153,0.8000952351725028,0.9288033197870099,0.9285472872958656,,-0.10126416362754376,-0.02756584582439661
NDC-classes,0.5724066269805302,0.6420561328333838,0.7322280263456734,0.8385696620990739,,12.167837088165404,14.523021781086305
tags-ask-ubuntu,0.5087723408269483,0.4933537538194792,0.8330009185502057,0.8184533528016407,,-3.0305474119147497,-1.7464045266461836
tags-math-sx,0.557428985660444,0.5572842651867673,0.8698160196088366,0.8701873376129339,,-0.025962136415488904,0.04268925792655235
threads-ask-ubuntu,0.22056464014609325,0.6158194983437789,0.4419566662588668,0.8459592800254222,,179.20137059860755,91.41226835345874
