,PR1,PR2,ROC1,ROC2,/,%PR2,%ROC2
email-Eu,0.5070596159716688,0.7239567276749221,0.8664819216983017,0.9117074124301324,,42.77546562007654,5.219438467127968
email-Enron,0.6027268225057202,0.679176684322819,0.8946286625138951,0.8789823612072402,,12.683998614707948,-1.74891571914195
