,PR1,PR2,ROC1,ROC2,/,%PR2,%ROC2
email-Eu,0.5070596159716688,0.7239567276749221,0.8664819216983017,0.9117074124301324,,42.77546562007654,5.219438467127968
email-Enron,0.6027268225057202,0.679176684322819,0.8946286625138951,0.8789823612072402,,12.683998614707948,-1.74891571914195
contact-high-school,0.6453187664348473,0.6597718557529455,0.8792062332602872,0.8847252658063469,,2.239682164823173,0.6277290056957294
contact-primary-school,0.7425181680480899,0.7344027845581876,0.8928968695375813,0.8986936543249113,,-1.092954198176153,0.6492110102628209
DAWN,0.8009062662044153,,0.92880331978701,,,,
