,PR1,PR2,ROC1,ROC2,/,%PR2,%ROC2
email-Eu,0.1996035848890104,0.3265766015352479,0.7595339355823719,0.8353607600136715,,63.61259328926426,9.983335948400974
email-Enron,0.25861993361091073,0.3350386066719893,0.6777092640365779,0.7321776882904424,,29.548639965258484,8.03713733075436
contact-high-school,0.3791098890159096,0.8142017487751647,0.8163460758055353,0.934339745150556,,114.76668701221777,14.453878427551642
contact-primary-school,0.2408722231077197,0.6459001422320562,0.7520442687642355,0.8938155490227235,,168.15052972845493,18.851454116051926
DAWN,0.27550475887635056,,0.7881531765122534,,,,
