,PR1,PR2,ROC1,ROC2,/,%PR2,%ROC2
email-Eu,0.1996035848890104,0.3265766015352479,0.7595339355823719,0.8353607600136715,,63.61259328926426,9.983335948400974
email-Enron,0.25861993361091073,0.3350386066719893,0.6777092640365779,0.7321776882904424,,29.548639965258484,8.03713733075436
contact-high-school,0.3791098890159096,0.8142017487751647,0.8163460758055353,0.934339745150556,,114.76668701221777,14.453878427551642
contact-primary-school,0.2408722231077197,0.6459001422320562,0.7520442687642355,0.8938155490227235,,168.15052972845493,18.851454116051926
DAWN,0.27550475887635056,0.27734337839918544,0.7881531765122534,0.7948183986227743,,0.6673639796037295,0.8456759814146703
NDC-classes,0.5035436728413873,0.347369943654586,0.6946400181694299,0.7056299997476467,,-31.01493229088689,1.5821117831907396
tags-ask-ubuntu,0.2185597462086296,0.2460308537114095,0.8016084904225014,0.8153607654706245,,12.569152361916132,1.7155850034565854
tags-math-sx,0.4317082306047949,0.43663996704476665,0.8482459213930612,0.8568959507610414,,1.142377209964866,1.0197549024196184
threads-ask-ubuntu,0.4729134428526164,0.4730300213423024,0.7193100083329678,0.720399478477783,,0.024651126215146306,0.1514604457318884
