,PR1,PR2,ROC1,ROC2,/,%PR2,%ROC2
email-Eu,0.1996035848890104,0.3265766015352479,0.7595339355823719,0.8353607600136715,,63.61259328926426,9.983335948400974
email-Enron,0.25861993361091073,0.33503860667198926,0.6777092640365779,0.7321776882904424,,29.548639965258484,8.03713733075436
