,PR1,PR2,ROC1,ROC2,/,%PR2,%ROC2
email-Eu,0.9578292116273416,0.9838795209386936,0.7351596078251427,0.8837088361706358,,2.7197238291670924,20.206391478029282
email-Enron,0.8657275144533574,0.9604257337017736,0.35748792270531404,0.7294685990338164,,10.938571047751806,104.05405405405405
contact-high-school,0.9471795968969636,0.9943444927784802,0.6396396396396397,0.9426699426699426,,4.979509275329896,47.37516005121638
contact-primary-school,0.9354237900189928,0.9784124042339072,0.6078431372549019,0.8135564570655849,,4.595629774825532,33.84315906562849
DAWN,0.978499518728184,0.9818601335891999,0.84249845929977,0.9000691151040785,,0.3434457346881384,6.833324757906087
NDC-classes,0.9800400632927904,0.9651005512769624,0.8227513227513228,0.6851851851851851,,-1.5243776836666802,-16.7202572347267
tags-ask-ubuntu,0.969919522681308,0.979252270343789,0.7834655314503148,0.8322858016119228,,0.9622187660148336,6.231323293985143
tags-math-sx,0.9794290928481896,0.9895344650585964,0.8370268667969709,0.9107846752921588,,1.0317614908722434,8.811880648160681
threads-ask-ubuntu,0.9715645468569089,0.9718916797812983,0.7481686672822407,0.751904432132964,,0.03367073504768814,0.49932121112390243
