,PR1,PR2,ROC1,ROC2,/,%PR2,%ROC2
email-Eu,0.9578292116273416,0.9838795209386936,0.7351596078251427,0.8837088361706358,,2.7197238291670924,20.206391478029282
email-Enron,0.8657275144533574,0.9604257337017736,0.35748792270531404,0.7294685990338164,,10.938571047751804,104.05405405405403
