,PR1,PR2,ROC1,ROC2,/,%PR2,%ROC2
email-Eu,0.9914569045737044,0.991438661556248,0.9364283638477188,0.9360498019241652,,-0.0018400212225247426,-0.04042614877640848
email-Enron,0.9834526349791899,0.9812994708443654,0.8357487922705316,0.8115942028985508,,-0.21893928169403207,-2.890173410404637
contact-high-school,0.9804898009563148,0.9821476589383026,0.8718263718263718,0.8935298935298935,,0.16908467384064854,2.48943165805543
contact-primary-school,0.9948866910342656,0.9960792307006204,0.9545300878972278,0.9628127112914132,,0.1198668830432282,0.8677173720559616
DAWN,0.99353139180244,0.9946014776114456,0.947470789650182,0.9528373503958154,,0.10770528418474518,0.5664090971727744
NDC-classes,0.925593125220772,0.9240592527975382,0.4656084656084656,0.46296296296296297,,-0.16571778478453095,-0.5681818181818122
tags-ask-ubuntu,0.9901853455021926,0.991593890104852,0.9192309692872472,0.9263421308790196,,0.1422506007645362,0.7735990006174656
tags-math-sx,0.9943350232197838,0.9963610834012492,0.9552046984933444,0.9680551863559136,,0.2037603156031665,1.3453124636885143
threads-ask-ubuntu,0.9754736617573072,0.8960222921911939,0.7658269852262235,0.40907490766389665,,-8.144901567406993,-46.583900077240436
