,PR1,PR2,ROC1,ROC2,/,%PR2,%ROC2
email-Eu,0.9914569045737044,0.991438661556248,0.9364283638477188,0.9360498019241652,,-0.0018400212225247426,-0.04042614877640848
email-Enron,0.9834526349791899,0.9812994708443654,0.8357487922705316,0.8115942028985508,,-0.21893928169403215,-2.890173410404637
