,PR1,PR2,ROC1,ROC2,/,%PR2,%ROC2
email-Eu,0.9914569045737044,0.991438661556248,0.9364283638477188,0.9360498019241652,,-0.0018400212225247426,-0.04042614877640848
email-Enron,0.9834526349791899,0.9812994708443654,0.8357487922705316,0.8115942028985508,,-0.21893928169403207,-2.890173410404637
contact-high-school,0.9804898009563148,0.9821476589383026,0.8718263718263718,0.8935298935298935,,0.16908467384064854,2.48943165805543
contact-primary-school,0.9948866910342656,0.9960792307006204,0.9545300878972278,0.9628127112914132,,0.1198668830432282,0.8677173720559616
DAWN,0.99353139180244,0.9946014776114455,0.947470789650182,0.9528373503958154,,0.10770528418474518,0.5664090971727744
