,PR1,PR2,ROC1,ROC2,/,%PR2,%ROC2
email-Eu,0.9550577397395668,0.9840450578761264,0.7195582679453646,0.8843359488520778,,3.0351377650176565,22.89983844911148
email-Enron,0.8692443817958252,0.9491857741359405,0.35628019323671506,0.7173913043478262,,9.196653324921066,101.35593220338981
