,PR1,PR2,ROC1,ROC2,/,%PR2,%ROC2
email-Eu,0.9550577397395668,0.9840450578761264,0.7195582679453646,0.8843359488520778,,3.0351377650176565,22.89983844911148
email-Enron,0.8692443817958252,0.9491857741359404,0.35628019323671506,0.7173913043478262,,9.196653324921067,101.3559322033898
contact-high-school,0.9475565093544234,0.9944925433657184,0.6408681408681408,0.943898443898444,,4.9533757140535,47.28434504792335
contact-primary-school,0.9335069166410184,0.98380279051008,0.5927991886409736,0.8483772819472616,,5.387841586652446,43.113772455089816
DAWN,0.9777632095599079,0.990808847448358,0.837550186581552,0.9149000158060892,,1.334232845017967,9.23524708892244
NDC-classes,0.9780638011112316,0.9630336300180434,0.8121693121693122,0.664021164021164,,-1.5367270597390033,-18.241042345276888
tags-ask-ubuntu,0.9693482247248668,0.9810806461097398,0.7791961254514844,0.8349629397331978,,1.2103412463774832,7.1569676054794
tags-math-sx,0.9784922460735131,0.9908212198504848,0.8299227010262696,0.9127781216432179,,1.2599970849483102,9.983510574477693
threads-ask-ubuntu,0.9677390896666016,0.9682295944483281,0.7135974530624809,0.7190327793167128,,0.05068564316188826,0.7616796039427606
