,PR1,PR2,ROC1,ROC2,/,%PR2,%ROC2
email-Eu,0.9550577397395668,0.9840450578761264,0.7195582679453646,0.8843359488520778,,3.0351377650176565,22.89983844911148
email-Enron,0.8692443817958252,0.9491857741359404,0.35628019323671506,0.7173913043478262,,9.196653324921067,101.3559322033898
contact-high-school,0.9475565093544234,0.9944925433657184,0.6408681408681408,0.943898443898444,,4.9533757140535,47.28434504792335
contact-primary-school,0.9335069166410184,0.98380279051008,0.5927991886409736,0.8483772819472616,,5.387841586652446,43.113772455089816
DAWN,0.9777632095599079,0.9908088474483581,0.837550186581552,0.9149000158060893,,1.334232845017967,9.23524708892244
