,PR1,PR2,ROC1,ROC2,/,%PR2,%ROC2
email-Eu,0.9906728643804558,0.9902611659999184,0.9053671668272688,0.90421236176754,,-0.04155745002613012,-0.12755102040817426
email-Enron,0.9861736261624848,0.9817551813952168,0.8454106280193238,0.8091787439613527,,-0.4480392346793558,-4.285714285714291
