,PR1,PR2,ROC1,ROC2,/,%PR2,%ROC2
email-Eu,0.9915399324664036,0.9915419527282718,0.9188462656204592,0.9193280717049817,,0.00020374992494911272,0.05243598440236073
email-Enron,0.9909839108650114,0.9909839108650114,0.9033816425120772,0.9033816425120772,,0.0,0.0
contact-high-school,0.9927140005896428,0.9682570548582328,0.9271089271089272,0.8837018837018837,,-2.463644686876892,-4.681978798586582
contact-primary-school,0.9929190641150372,0.994974466280946,0.9303583502366464,0.9546991210277214,,0.207006012896001,2.6162790697674363
DAWN,0.9982186523134059,0.9982373712359331,0.9827142989797092,0.982898553461792,,0.0018752326941465372,0.018749547276773405
