,PR1,PR2,ROC1,ROC2,/,%PR2,%ROC2
email-Eu,0.9915399324664036,0.9915419527282718,0.9188462656204592,0.9193280717049817,,0.00020374992494911272,0.05243598440236073
email-Enron,0.9909839108650114,0.9909839108650114,0.9033816425120772,0.9033816425120772,,0.0,0.0
