,PR1,PR2,ROC1,ROC2,/,%PR2,%ROC2
email-Eu,0.9616509609340655,0.9648399999772508,0.7516251395708102,0.7724651646553176,,0.3316212610121741,2.7726620608256014
email-Enron,0.9543565833256143,0.9597975406220152,0.608695652173913,0.6521739130434783,,0.5701178565186826,7.142857142857157
contact-high-school,0.9451540979931744,0.9882683840371728,0.6081081081081081,0.8857493857493858,,4.561614464301866,45.65656565656565
contact-primary-school,0.9594221628912653,0.9779439376876622,0.7080797836375929,0.8152467883705206,,1.9305135437543648,15.13487705896395
DAWN,0.9734232232379602,0.9736327972046568,0.7980005184756994,0.7997426732705991,,0.02152958360696499,0.2183149953620925
NDC-classes,0.9701055423780988,0.9704880796436948,0.7195767195767195,0.7301587301587301,,0.03943254098502345,1.4705882352941175
tags-ask-ubuntu,0.9643452740545468,0.9654727912667318,0.7377849986466526,0.7449658045861292,,0.11692048921900793,0.973292483941608
tags-math-sx,0.9697266788317792,0.971647756403318,0.7626743919915253,0.7796805693966802,,0.1981050551123336,2.2298083669425
threads-ask-ubuntu,0.9754739201715006,0.9760847373334847,0.7899180517082179,0.7959381732840873,,0.06261747744898082,0.7621197620247734
