,PR1,PR2,ROC1,ROC2,/,%PR2,%ROC2
email-Eu,0.9616509609340655,0.9648399999772508,0.7516251395708102,0.7724651646553176,,0.3316212610121741,2.7726620608256014
email-Enron,0.9543565833256143,0.9597975406220153,0.608695652173913,0.6521739130434783,,0.5701178565186826,7.1428571428571574
