,PR1,PR2,PR3,ROC1,ROC2,ROC3,/,%PR2,%PR3,%ROC2,%PR3.1,%ROC3
email-Eu,0.9563125702844836,0.988472073522086,0.9920799954894436,0.7165765570934255,0.9020112456747404,0.9235726643598616,,3.3628652636068033,0.364999888616185,25.877861443510557,,2.3903713826752098
email-Enron,0.9034176598968175,0.9841850104457172,0.9852074345015465,0.3229166666666667,0.8333333333333334,0.84375,,8.940200544466268,0.10388535132904256,158.06451612903228,,1.2499999999999956
