,PR1,PR2,PR3,ROC1,ROC2,ROC3,/,%PR2,%PR3,%ROC2,%PR3.1,%ROC3
email-Eu,0.9563125702844836,0.988472073522086,0.9920799954894436,0.7165765570934255,0.9020112456747404,0.9235726643598616,,3.3628652636068033,0.364999888616185,25.877861443510557,,2.3903713826752098
email-Enron,0.9034176598968175,0.9841850104457172,0.9852074345015464,0.3229166666666667,0.8333333333333334,0.84375,,8.940200544466268,0.10388535132904256,158.06451612903228,,1.2499999999999956
DAWN,0.9801240164919859,0.9847355743004348,0.9847726429603888,0.8587503739545531,0.9093683745008521,0.909625346314434,,0.4705075817807381,0.0037643262741099016,5.894378865094694,,0.028258274730856445
NDC-classes,0.8923454089939,0.9422433992748946,0.9360377255160294,0.2925531914893617,0.7234042553191489,0.7180851063829787,,5.591779794917477,-0.6586062331283891,147.27272727272725,,-0.7352941176470484
tags-ask-ubuntu,0.9675703029387528,0.9778484102913096,0.9779542527801026,0.7721597284174364,0.8243601451305094,0.8245392949968653,,1.0622594886738124,0.010824018086959082,6.760313286482736,,0.021731990248941343
tags-math-sx,0.9776036135291498,0.9874671792160434,0.9876697299107372,0.8242032085901705,0.8953005384574075,0.8956447810871351,,1.0089534807759288,0.0205121445003051,8.626189406475573,,0.03844995227196764
threads-ask-ubuntu,0.9683789466417544,0.8098114833219461,0.8098114833219461,0.7197755732639454,0.7058546105057733,0.7058546105057733,,-16.374526095358135,0.0,-1.9340699066856537,,0.0
