,PR1,PR2,PR3,ROC1,ROC2,ROC3,/,%PR2,%PR3,%ROC2,%PR3.1,%ROC3
email-Eu,0.9949572171104452,0.9942819719009632,0.9934371927180288,0.9542171280276815,0.9489403114186852,0.9415008650519032,,-0.06786675827560516,-0.08496374336542023,-0.5529995693855521,,-0.7839741106223878
email-Enron,0.9851527885951332,0.9934580412076854,0.9934580412076854,0.8541666666666667,0.9270833333333336,0.9270833333333335,,0.8430420853191548,0.0,8.536585365853666,,-1.197543936674326e-14
