,PR1,PR2,PR3,ROC1,ROC2,ROC3,/,%PR2,%PR3,%ROC2,%PR3.1,%ROC3
email-Eu,0.9949572171104452,0.9942819719009632,0.9934371927180288,0.9542171280276815,0.9489403114186852,0.9415008650519032,,-0.06786675827560516,-0.08496374336542023,-0.5529995693855521,,-0.7839741106223878
email-Enron,0.9851527885951332,0.9934580412076854,0.9934580412076854,0.8541666666666667,0.9270833333333336,0.9270833333333336,,0.8430420853191548,0.0,8.536585365853666,,-1.197543936674326e-14
DAWN,0.9932694138122664,0.996099975155192,0.99551064446025,0.9465636828345104,0.9655522820983076,0.960025152508422,,0.2849741775558769,-0.0591638098224257,2.006056180703593,,-0.5724319327249858
NDC-classes,0.9229012343159054,0.940363166895789,0.9343263550079132,0.4069148936170213,0.5797872340425532,0.5638297872340425,,1.8920694794418762,-0.6419660084947529,42.483660130718924,,-2.752293577981651
tags-ask-ubuntu,0.9911254012172404,0.9936057884984526,0.9936040161708202,0.9276500643767801,0.9435139237989592,0.9434960088123232,,0.2502596823939722,-0.00017837331997738664,1.7101124692786955,,-0.001898751696616683
tags-math-sx,0.9942923124598768,0.9964398709912108,0.9964868032291252,0.9541191561316912,0.9689816995210448,0.9690993239390974,,0.21598864885327604,0.004709991970486285,1.5577240320392731,,0.012138972089014695
threads-ask-ubuntu,0.9006518777335281,0.912299842513414,0.9126151870878326,0.3250935111400227,0.3979346235160189,0.400471621401854,,1.2932815739192924,0.03456589157681262,22.406203101550823,,0.6375413788875764
