,PR1,PR2,PR3,ROC1,ROC2,ROC3,/,%PR2,%PR3,%ROC2,%PR3.1,%ROC3
email-Eu,0.9532983938405122,0.9875942292749168,0.9911747449338836,0.7039900519031143,0.8991673875432526,0.9199070069204152,,3.5975971066350567,0.3625492690045052,27.72444512710237,,2.306535987012205
email-Enron,0.8910922990144999,1.0,1.0,0.265625,1.0,1.0,,12.221820467525768,0.0,276.4705882352941,,0.0
DAWN,0.9795023895660075,0.9913775562566824,0.9913762721035556,0.854070332721999,0.9217152157230004,0.9216674958702412,,1.212367301721068,-0.00012953219675182175,7.9202941970143295,,-0.005177288162903703
NDC-classes,0.9724039587413382,0.9372426411180748,0.9294513673882634,0.7180851063829787,0.7287234042553191,0.7340425531914894,,-3.615916750151412,-0.8312974024012437,1.4814814814814758,,0.729927007299275
tags-ask-ubuntu,0.9669421750321168,0.9795444309180809,0.97960882561921,0.7679252237708253,0.8254202436512186,0.8255058717370828,,1.3033101886930831,0.006573943876025593,7.487059690274185,,0.010373877612382749
tags-math-sx,0.9764899220711192,0.988937252821582,0.988992623884525,0.8164410027354169,0.8966326250514329,0.8968912397244112,,1.2747014043997706,0.005599047137225767,9.82209639733193,,0.028842880099688526
threads-ask-ubuntu,0.9637192041269304,0.8568792564606951,0.8582209380349346,0.6789884534070579,0.6685965197593104,0.6686290453732314,,-11.086211337152466,0.15657766997199693,-1.5305022634188237,,0.004864759680873608
