,PR1,PR2,PR3,ROC1,ROC2,ROC3,/,%PR2,%PR3,%ROC2,%PR3.1,%ROC3
email-Eu,0.9532983938405122,0.9875942292749168,0.9911747449338836,0.7039900519031143,0.8991673875432526,0.9199070069204152,,3.5975971066350567,0.3625492690045052,27.72444512710237,,2.306535987012205
email-Enron,0.8910922990144999,1.0,1.0,0.265625,1.0,1.0,,12.221820467525768,0.0,276.4705882352941,,0.0
