,PR1,PR2,PR3,ROC1,ROC2,ROC3,/,%PR2,%PR3,%ROC2,%PR3.1,%ROC3
email-Eu,0.9923153904713228,0.9924234682874508,0.9923987941263414,0.9181877162629758,0.9188365051903116,0.9186851211072664,,0.010891478371282716,-0.002486253287821197,0.07065972631132936,,-0.01647562783912286
email-Enron,0.9892857142857144,0.9892857142857144,0.9892857142857144,0.875,0.875,0.875,,-1.1222471007041292e-14,-1.1222471007041292e-14,0.0,,0.0
DAWN,0.9917372860712041,0.991736422236148,0.9918020539682684,0.9141564560814768,0.9141509280576476,0.9147921788218156,,-8.710321454828385e-05,0.0066178604162172045,-0.0006047130983282199,,0.07014714359371514
NDC-classes,0.9447198730208743,0.9427076355017532,0.9503093190358524,0.5585106382978723,0.5425531914893617,0.5744680851063829,,-0.2129983264442866,0.8063670270425991,-2.8571428571428568,,5.882352941176469
tags-ask-ubuntu,0.974751989764328,0.9747520938875092,0.9747520938875092,0.741364328912001,0.7413647605984258,0.7413647605984259,,1.0682017813927944e-05,0.0,5.8228647912201625e-05,,1.4975395158099907e-14
tags-math-sx,0.9841837076985824,0.9841839878761304,0.9841839878761304,0.8341060899744235,0.8341074933279894,0.8341074933279893,,2.846801322348181e-05,0.0,0.00016824641167081464,,-1.3310311123036422e-14
threads-ask-ubuntu,0.9549051156337256,0.9549051156337256,0.9549051156337256,0.4982110912343471,0.498211091234347,0.49821109123434704,,0.0,0.0,1.1142094627746187e-14,,1.1142094627746187e-14
