,PR1,PR2,PR3,ROC1,ROC2,ROC3,/,%PR2,%PR3,%ROC2,%PR3.1,%ROC3
email-Eu,0.9923153904713228,0.9924234682874508,0.9923987941263414,0.9181877162629758,0.9188365051903116,0.9186851211072664,,0.010891478371282716,-0.002486253287821197,0.07065972631132936,,-0.01647562783912286
email-Enron,0.9892857142857144,0.9892857142857144,0.9892857142857143,0.875,0.875,0.875,,-1.1222471007041292e-14,-1.1222471007041292e-14,0.0,,0.0
