,PR1,PR2,PR3,ROC1,ROC2,ROC3,/,%PR2,%PR3,%ROC2,%PR3.1,%ROC3
email-Eu,0.9923277205207164,0.9923372377914441,0.9927145720168988,0.9319852941176472,0.9317257785467128,0.935099480968858,,0.0009590854443244103,0.0380247975269828,-0.027845457709726417,,0.3620917763386917
email-Enron,0.9981339126559716,0.9924982797829542,0.9924982797829542,0.9791666666666666,0.9166666666666669,0.9166666666666669,,-0.5646169117750259,0.0,-6.3829787234042445,,-1.2111523905001705e-14
DAWN,0.9985617279354118,0.9985750269986762,0.9987340234983464,0.9860179205525422,0.9862078244299632,0.9875348753268036,,0.0013318218486014395,0.015922338870018246,0.019259678091306714,,0.13456097832192954
NDC-classes,0.9759392710236796,0.9771946764547011,0.9780334973858058,0.7606382978723404,0.7872340425531914,0.8031914893617021,,0.12863560964246498,0.08583969513095685,3.4965034965034905,,2.0270270270270405
tags-ask-ubuntu,0.9933359460079167,0.9931551197109258,0.9938762868979636,0.9390425158092819,0.9408549820991974,0.9457406857178521,,-0.01820394174977918,0.07261375113766315,0.1930121649873722,,0.5192833870905054
tags-math-sx,0.9951542421647868,0.9953239103560092,0.9962851315900908,0.9554598265716951,0.9571261919851296,0.9650731025583884,,0.01704943656305524,0.09657371073680696,0.17440455025865148,,0.8302886954515772
threads-ask-ubuntu,0.9611372896339964,0.9585114665117695,0.9603484450239731,0.6492925678972191,0.6304602374369817,0.6508863229793461,,-0.2731995887108627,0.19164909094814572,-2.90043832185348,,3.2398689607139866
