,PR1,PR2,PR3,ROC1,ROC2,ROC3,/,%PR2,%PR3,%ROC2,%PR3.1,%ROC3
email-Eu,0.9923277205207164,0.9923372377914441,0.9927145720168988,0.9319852941176472,0.9317257785467128,0.935099480968858,,0.0009590854443244103,0.0380247975269828,-0.027845457709726417,,0.3620917763386917
email-Enron,0.9981339126559716,0.9924982797829542,0.9924982797829542,0.9791666666666666,0.9166666666666669,0.9166666666666667,,-0.5646169117750259,0.0,-6.3829787234042445,,-1.2111523905001705e-14
