,PR1,PR2,PR3,ROC1,ROC2,ROC3,/,%PR2,%PR3,%ROC2,%PR3.1,%ROC3
email-Eu,0.9626818807135248,0.9636419729373203,0.9684523219587964,0.7381271626297579,0.7444204152249134,0.7724264705882352,,0.09973099556876118,0.4991842568680882,0.8525973455216466,,3.7621288710708254
email-Enron,0.9606293382271652,0.964824335937788,0.9686909084186696,0.6302083333333334,0.6666666666666667,0.6979166666666666,,0.4366926496711567,0.4007540374822004,5.785123966942153,,4.687499999999982
