,PR1,PR2,PR3,ROC1,ROC2,ROC3,/,%PR2,%PR3,%ROC2,%PR3.1,%ROC3
email-Eu,0.1872117696517688,0.29438629682239426,0.3338753916174047,0.6875881920096958,0.7667848331385534,0.7613164956931999,,57.247750699638146,13.414039723063116,11.518033911748855,,-0.7131514877479809
email-Enron,0.1169397728009432,0.14369475333606452,0.16070747045995992,0.4907738095238096,0.5558531746031747,0.5759424603174603,,22.879282124708833,11.839483856524046,13.260561956741464,,3.614135284668904
DAWN,0.2201829557085624,0.3208501317195804,0.31997567470632216,0.7602600967356296,0.8253601052254869,0.825665634478733,,45.71978593305044,-0.2725437600949745,8.562860101349628,,0.037017690982610235
NDC-classes,0.5785238852748841,0.5570772278342329,0.5594774743690063,0.744001810774106,0.6657311000452693,0.6765731100045269,,-3.707134309668266,0.4308642347677643,-10.520231213872847,,1.6285869713042411
tags-ask-ubuntu,0.1417265738908438,0.2936344254290781,0.3738696924152882,0.6782316649386264,0.7422206378386723,0.7444596192518009,,107.18374639835152,27.324884290717968,9.434677884854626,,0.30165981636518124
tags-math-sx,0.2804955621941013,0.4929953207931305,0.5899242856969242,0.7814062816851431,0.8511529947369653,0.8549470597880242,,75.75868827898978,19.661234258340315,8.925793749879988,,0.4457559421771689
threads-ask-ubuntu,0.8483119317658068,0.8633507313488779,0.8635575141470575,0.9098827199741192,0.9423300336481408,0.9436359210317695,,1.7727912363282472,0.023951192796996607,3.5660984610131377,,0.13858068160823353
