,PR1,PR2,PR3,ROC1,ROC2,ROC3,/,%PR2,%PR3,%ROC2,%PR3.1,%ROC3
email-Eu,0.1872117696517688,0.29438629682239426,0.3338753916174047,0.6875881920096958,0.7667848331385534,0.7613164956931999,,57.247750699638146,13.414039723063116,11.518033911748855,,-0.7131514877479809
email-Enron,0.1169397728009432,0.14369475333606452,0.16070747045995992,0.4907738095238096,0.5558531746031747,0.5759424603174603,,22.879282124708833,11.839483856524044,13.260561956741466,,3.614135284668904
