,PR1,PR2,PR3,ROC1,ROC2,ROC3,/,%PR2,%PR3,%ROC2,%PR3.1,%ROC3
email-Eu,0.4563562505697517,0.4696219778315788,0.4753302506479324,0.8460283296541575,0.8486161970306887,0.8516314980738432,,2.9068797119060097,1.2155037638380666,0.30588424593169816,,0.355319761006808
email-Enron,0.37837909286750004,0.3918112310050473,0.3947250525332092,0.7818948412698412,0.7830853174603175,0.7842261904761905,,3.5499155187866296,0.7436799401302384,0.15225528135508568,,0.1456894913536378
DAWN,0.5098449871511089,0.5360308384720336,0.5849970464337807,0.8850858527696229,0.8920028207449872,0.8695384466648062,,5.136041734419101,9.134960984954944,0.7815024896985356,,-2.5184196235409972
NDC-classes,0.10014398044342364,0.15485777062632605,0.1645481961317054,0.4514259846084201,0.5046401086464464,0.4944545043005885,,54.63512628581104,6.257629479093097,11.788006417970324,,-2.0183897734918257
tags-ask-ubuntu,0.3995435013050836,0.481104794012432,0.4989970111841373,0.7684730340210517,0.8054706480466673,0.7951332008528182,,20.41362015423441,3.7189854257080848,4.814432307666649,,-1.283404580777495
tags-math-sx,0.4818419324362448,0.5846646967515479,0.6402408614224213,0.8598151421568289,0.8919295139161921,0.8904907353822225,,21.339521821071084,9.505647421446833,3.735032123161383,,-0.161310788747469
threads-ask-ubuntu,0.8236648032244445,0.8936739276473277,0.8906709131378039,0.8742850370674069,0.9384902058446228,0.9392719125308495,,8.499710579936737,-0.3360302249646549,7.343734143338168,,0.08329406970455903
