,PR1,PR2,PR3,ROC1,ROC2,ROC3,/,%PR2,%PR3,%ROC2,%PR3.1,%ROC3
email-Eu,0.4563562505697517,0.4696219778315788,0.4753302506479324,0.8460283296541575,0.8486161970306887,0.8516314980738432,,2.9068797119060097,1.2155037638380666,0.30588424593169816,,0.355319761006808
email-Enron,0.37837909286750004,0.39181123100504733,0.3947250525332092,0.7818948412698412,0.7830853174603175,0.7842261904761905,,3.5499155187866296,0.7436799401302384,0.15225528135508568,,0.1456894913536378
