,PR1,PR2,PR3,ROC1,ROC2,ROC3,/,%PR2,%PR3,%ROC2,%PR3.1,%ROC3
email-Eu,0.1832682429171852,0.3022299890893301,0.3159603229545029,0.6870944249664546,0.7532686231225383,0.7480079426914253,,64.911271193832,4.543008424327669,9.631019515158266,,-0.698380401045479
email-Enron,0.11292546119170466,0.1330857490278398,0.13763432324101832,0.483234126984127,0.5478670634920635,0.5428075396825396,,17.85273898674687,3.4177770695997123,13.37507698624512,,-0.9234947940244624
DAWN,0.21478588762421075,0.4609824462808798,0.469881205921485,0.7553072170694068,0.8513447203038799,0.8511831497858646,,114.62417823624165,1.9303901292551904,12.715025232659455,,-0.01897827215720213
NDC-classes,0.5822820985481281,0.5682916132684201,0.5530833312638468,0.7404481665912177,0.7164101403349932,0.6725667722951562,,-2.402698848992959,-2.6761404971482587,-3.246415798000794,,-6.1198698303371115
tags-ask-ubuntu,0.14061868325127852,0.4006921746775227,0.4434231425060984,0.67654140617019,0.7490938120135697,0.7501149132104706,,184.9494572221999,10.664288081733957,10.724015585991873,,0.13631152474163166
tags-math-sx,0.2721704871623421,0.6287832976631463,0.6493130299226739,0.7763243139882059,0.8564181521985456,0.8580846905226965,,131.02552529440658,3.2649932553593284,10.31705909079082,,0.1945939982557284
threads-ask-ubuntu,0.85105185105024,0.8759707517693409,0.8762015179992214,0.8993875750116511,0.9423271508945344,0.9440920367134688,,2.9280120463106827,0.026344056512661036,4.774312774148238,,0.18729013774663378
