,PR1,PR2,PR3,ROC1,ROC2,ROC3,/,%PR2,%PR3,%ROC2,%PR3.1,%ROC3
email-Eu,0.1832682429171852,0.3022299890893301,0.3159603229545029,0.6870944249664546,0.7532686231225383,0.7480079426914253,,64.911271193832,4.543008424327669,9.631019515158266,,-0.698380401045479
email-Enron,0.11292546119170466,0.1330857490278398,0.13763432324101832,0.483234126984127,0.5478670634920635,0.5428075396825396,,17.85273898674687,3.4177770695997123,13.37507698624512,,-0.9234947940244623
