,PR1,PR2,PR3,ROC1,ROC2,ROC3,/,%PR2,%PR3,%ROC2,%PR3.1,%ROC3
email-Eu,0.4525316140222541,0.5420925666452212,0.5410692882349132,0.7898692810457516,0.7965350820239797,0.7956139895251698,,19.79109300826942,-0.1887645161121943,0.8439119153238732,,-0.11563740500536612
email-Enron,0.3534799367421669,0.4323991215281231,0.4366705289761245,0.7095238095238096,0.7058531746031746,0.7071428571428571,,22.326354789273644,0.9878390670420344,-0.517337807606262,,0.1827125790583111
DAWN,0.8031895494508711,0.8033259178043537,0.8098010412495533,0.8627405430502799,0.8615968828818069,0.8698744630368259,,0.016978352566447474,0.8060394046413193,-0.13256131031347074,,0.9607254064491116
NDC-classes,0.1504920428530931,0.18724439910338805,0.18895037834359504,0.30070167496604794,0.570235400633771,0.589610683567225,,24.42146146303014,0.9110976073922636,89.63492660895754,,3.3977692216091735
tags-ask-ubuntu,0.4820574639890747,0.482381839744837,0.4823818250015662,0.6068410059705599,0.6068617409123036,0.6068617402959717,,0.0672898523504112,-3.0563486342454573e-06,0.0034168656270257385,,-1.0156050923545259e-07
tags-math-sx,0.6501687667719317,0.6512495528424013,0.6512496174252946,0.7408262208006511,0.7409015820385285,0.7409015853125723,,0.1662316194971415,9.91676586719374e-06,0.010172593215719202,,4.418999625875738e-07
threads-ask-ubuntu,0.7411277556528163,0.7411197168832002,0.7411187135439716,0.9442634004000621,0.9441804411573936,0.9441695507548811,,-0.0010846671919607423,-0.00013538153225887113,-0.008785603956828847,,-0.0011534238624149851
