,PR1,PR2,PR3,ROC1,ROC2,ROC3,/,%PR2,%PR3,%ROC2,%PR3.1,%ROC3
email-Eu,0.4525316140222541,0.5420925666452212,0.5410692882349132,0.7898692810457516,0.7965350820239797,0.7956139895251698,,19.79109300826942,-0.1887645161121943,0.8439119153238732,,-0.11563740500536612
email-Enron,0.3534799367421669,0.4323991215281231,0.43667052897612446,0.7095238095238096,0.7058531746031746,0.7071428571428571,,22.326354789273644,0.9878390670420343,-0.517337807606262,,0.1827125790583111
