,PR1,PR2,PR3,ROC1,ROC2,ROC3,/,%PR2,%PR3,%ROC2,%PR3.1,%ROC3
email-Eu,0.4451880227092466,0.5548062728291003,0.5566100783616995,0.8813237458338743,0.8636886984374323,0.8680978660779985,,24.622910888922462,0.3251234928186931,-2.000972682264036,,0.5105042648518127
email-Enron,0.3666344002298289,0.5417430189893241,0.5384706661666279,0.8686507936507937,0.8374007936507937,0.8433531746031747,,47.761098972089464,-0.6040415303922375,-3.5975331201461853,,0.7108162539983521
DAWN,0.9361269459367401,0.9361014626190662,0.9361520623610132,0.9862181820249812,0.9862260186914976,0.9862405156308836,,-0.0027222074724292306,0.005405369392909414,0.0007946179313273323,,0.001469940876765563
NDC-classes,0.4193214229862727,0.5299856838557743,0.546121764318498,0.7890674513354459,0.8203485740153916,0.7335672249886827,,26.39127285254977,3.0446257237232994,3.9643154241129173,,-10.57859448721133
tags-ask-ubuntu,0.7605953622794424,0.7608697310500696,0.7572257893299783,0.9430276330810532,0.943200793034095,0.9408566521690024,,0.03607289555447625,-0.4789179502596762,0.018362129270384525,,-0.2485304171078825
tags-math-sx,0.8208026244353058,0.8208647073844187,0.8267680792122651,0.9580567084399104,0.9581384549985772,0.9607289633193159,,0.007563687939671238,0.7191650188807287,0.008532538621840915,,0.27036889159643035
threads-ask-ubuntu,0.6448352281854389,0.6349863901245442,0.7155715007642579,0.6621062038459137,0.7016423687906689,0.9184151901896693,,-1.5273418123586873,12.6908406058763,5.971272390306151,,30.89505865682313
