,PR1,PR2,PR3,ROC1,ROC2,ROC3,/,%PR2,%PR3,%ROC2,%PR3.1,%ROC3
email-Eu,0.4451880227092466,0.5548062728291003,0.5566100783616995,0.8813237458338743,0.8636886984374323,0.8680978660779985,,24.622910888922462,0.3251234928186931,-2.000972682264036,,0.5105042648518127
email-Enron,0.3666344002298289,0.5417430189893241,0.5384706661666279,0.8686507936507937,0.8374007936507937,0.8433531746031747,,47.761098972089464,-0.6040415303922375,-3.5975331201461853,,0.7108162539983521
