,PR1,PR2,PR3,ROC1,ROC2,ROC3,/,%PR2,%PR3,%ROC2,%PR3.1,%ROC3
email-Eu,0.1315006030667565,0.1305590426972898,0.16610744141231934,0.6093195688871575,0.6149053153270139,0.6571935462926892,,-0.7160122064145443,27.227833461869817,0.916718701494842,,6.877193921016276
email-Enron,0.10802832586470286,0.1087331084499784,0.11411141196020233,0.5740079365079365,0.5747519841269841,0.5900297619047619,,0.6524053572377276,4.9463347336365056,0.1296232284825533,,2.658151376542668
DAWN,0.2246287144683613,0.22441731055160066,0.22413517097318275,0.7384694119372271,0.7395212735923593,0.7395127853597485,,-0.09411259698519732,-0.12572095161662614,0.142438080457904,,-0.0011478010050420242
NDC-classes,0.5377554003475291,0.5516001137392605,0.5908238518509781,0.7127206880941603,0.716908103214124,0.7349479402444545,,2.5745373050245832,7.1109010195488,0.5875254065040499,,2.5163388374956663
tags-ask-ubuntu,0.1422108932037377,0.14806309759528855,0.18315308506523914,0.6819320115173919,0.6874348545788289,0.7008203169455336,,4.115159014694285,23.6993471296032,0.8069489287051393,,1.947160851322495
tags-math-sx,0.2634488879743149,0.2964446281075649,0.3534383442602478,0.7573759701950513,0.7835152787274843,0.7983547721928765,,12.524531945060591,19.22575440699257,3.4512989005580885,,1.8939635088537448
threads-ask-ubuntu,0.7678058055544553,0.7971775434810535,0.797102417104932,0.8815551815093777,0.9313052627870142,0.9312027648810143,,3.8254123261529647,-0.009424045714264312,5.643444939255597,,-0.011005833435664992
