,PR1,PR2,PR3,ROC1,ROC2,ROC3,/,%PR2,%PR3,%ROC2,%PR3.1,%ROC3
email-Eu,0.1315006030667565,0.1305590426972898,0.16610744141231934,0.6093195688871575,0.6149053153270139,0.6571935462926892,,-0.7160122064145443,27.227833461869817,0.916718701494842,,6.877193921016276
email-Enron,0.10802832586470286,0.1087331084499784,0.11411141196020233,0.5740079365079365,0.5747519841269841,0.5900297619047619,,0.6524053572377276,4.946334733636507,0.1296232284825533,,2.658151376542668
