,PR1,PR2,ROC1,ROC2,/,%PR2,%ROC2
email-Eu,0.8659779888754309,0.9605426477843092,0.7358145227915618,0.9017505320505744,,10.919984124732881,22.55133652832483
email-Enron,0.6524639144132891,0.8760937314014249,0.4447128287707999,0.7949543746645196,,34.27466439875513,78.75678937839466
contact-high-school,0.8475501811126944,0.9732072108911624,0.7305487305487305,0.9269041769041768,,14.825910321144756,26.877802690582968
contact-primary-school,0.8210672331236919,0.9654274317397192,0.6762452107279693,0.9051307679493586,,17.58201920527496,33.846532824239446
DAWN,0.9236780736904312,0.9502245192756142,0.8465012494664512,0.9084689350297116,,2.8739932603488465,7.320448209889642
NDC-classes,0.9133012969468036,0.8243913066023721,0.7720634920634921,0.7587301587301587,,-9.735011944213868,-1.7269736842105372
tags-ask-ubuntu,0.8910262421673306,0.9282289671737683,0.7842972850759802,0.8360137124499055,,4.175267039941046,6.593982710129517
tags-math-sx,0.9251302404089844,0.964626639475592,0.8331097179935418,0.9116282555947814,,4.269279863681349,9.424753535505904
threads-ask-ubuntu,0.6154120337675968,0.6243579464441751,0.2705130424746076,0.2983571868267159,,1.4536460429300955,10.29308757071185
