,PR1,PR2,ROC1,ROC2,/,%PR2,%ROC2
email-Eu,0.8659779888754309,0.9605426477843092,0.7358145227915618,0.9017505320505744,,10.919984124732881,22.55133652832483
email-Enron,0.6524639144132891,0.8760937314014249,0.4447128287707999,0.7949543746645196,,34.27466439875513,78.75678937839466
contact-high-school,0.8475501811126944,0.9732072108911624,0.7305487305487305,0.9269041769041768,,14.825910321144756,26.877802690582968
contact-primary-school,0.8210672331236919,0.9654274317397192,0.6762452107279693,0.9051307679493586,,17.58201920527496,33.846532824239446
DAWN,0.9236780736904312,0.9502245192756142,0.8465012494664512,0.9084689350297115,,2.8739932603488465,7.320448209889641
