,PR1,PR2,ROC1,ROC2,/,%PR2,%ROC2
email-Eu,0.8659779888754309,0.9605426477843092,0.7358145227915618,0.9017505320505744,,10.919984124732881,22.55133652832483
email-Enron,0.6524639144132891,0.8760937314014249,0.4447128287707999,0.7949543746645196,,34.274664398755135,78.75678937839466
