,PR1,PR2,ROC1,ROC2,/,%PR2,%ROC2
email-Eu,0.9735422889734155,0.9734994903141616,0.9381355577298668,0.9379766088105292,,-0.004396178752447443,-0.016943065213559844
email-Enron,0.931656844515238,0.9466999737469458,0.8494363929146537,0.8808373590982286,,1.6146641674205078,3.69668246445498
contact-high-school,0.9655854500190348,0.9868214757422415,0.9236281736281736,0.967035217035217,,2.199290153221352,4.699623143427175
contact-primary-school,0.9813680856957808,0.9881959546781136,0.9610611360986174,0.97367982675329,,0.695750053609294,1.3129956233479134
DAWN,0.9779182855048612,0.9820368479048431,0.9511103461666964,0.9554842402561147,,0.42115608850239783,0.4598724119705506
