,PR1,PR2,ROC1,ROC2,/,%PR2,%ROC2
email-Eu,0.9735422889734155,0.9734994903141616,0.9381355577298668,0.9379766088105292,,-0.004396178752447443,-0.016943065213559844
email-Enron,0.931656844515238,0.9466999737469461,0.8494363929146537,0.8808373590982286,,1.6146641674205078,3.6966824644549803
