,PR1,PR2,ROC1,ROC2,/,%PR2,%ROC2
email-Eu,0.9735422889734155,0.9734994903141616,0.9381355577298668,0.9379766088105292,,-0.004396178752447443,-0.016943065213559844
email-Enron,0.931656844515238,0.9466999737469458,0.8494363929146537,0.8808373590982286,,1.6146641674205078,3.69668246445498
contact-high-school,0.9655854500190348,0.9868214757422415,0.9236281736281736,0.967035217035217,,2.199290153221352,4.699623143427175
contact-primary-school,0.9813680856957808,0.9881959546781136,0.9610611360986174,0.97367982675329,,0.695750053609294,1.3129956233479134
DAWN,0.9779182855048612,0.9820368479048432,0.9511103461666964,0.9554842402561148,,0.4211560885023978,0.4598724119705506
NDC-classes,0.862550743792065,0.8554861258136703,0.6739682539682539,0.6653968253968254,,-0.8190379556495642,-1.2717852096090263
tags-ask-ubuntu,0.9615540853068384,0.9683371832086848,0.9167851424705604,0.9253494102185442,,0.7054307194463999,0.9341630171824926
tags-math-sx,0.98010315743885,0.987210683503342,0.9578241696142392,0.9697755685649946,,0.7251814271331435,1.2477654385740502
threads-ask-ubuntu,0.6485393787200563,0.6958441465407399,0.23136085141582025,0.39018039204370575,,7.294047111532888,68.64581438734521
