,PR1,PR2,ROC1,ROC2,/,%PR2,%ROC2
email-Eu,0.8560088397012792,0.959148443319055,0.7208247830870735,0.8986229503203725,,12.048894688256773,24.665934274879323
email-Enron,0.65626902282158,0.8558210481289638,0.4551798174986581,0.7909286097691894,,30.407046252072767,73.76179245283016
