,PR1,PR2,ROC1,ROC2,/,%PR2,%ROC2
email-Eu,0.8560088397012792,0.959148443319055,0.7208247830870735,0.8986229503203725,,12.048894688256773,24.665934274879323
email-Enron,0.65626902282158,0.8558210481289638,0.4551798174986581,0.7909286097691894,,30.407046252072767,73.76179245283015
contact-high-school,0.8467164227534364,0.9733352450660844,0.7282964782964784,0.9269041769041768,,14.954100205225318,27.27017149283103
contact-primary-school,0.8146243279575902,0.9661177069201221,0.6672913543228386,0.9057138097617856,,18.596716764198913,35.72988828558945
DAWN,0.9212725020489064,0.9686181293203957,0.8417984224098616,0.9186995882507161,,5.1391555881883795,9.135342119162612
