,PR1,PR2,ROC1,ROC2,/,%PR2,%ROC2
email-Eu,0.8560088397012792,0.959148443319055,0.7208247830870735,0.8986229503203725,,12.048894688256773,24.665934274879323
email-Enron,0.65626902282158,0.8558210481289638,0.4551798174986581,0.7909286097691894,,30.407046252072767,73.76179245283015
contact-high-school,0.8467164227534364,0.9733352450660844,0.7282964782964784,0.9269041769041768,,14.954100205225318,27.27017149283103
contact-primary-school,0.8146243279575902,0.9661177069201221,0.6672913543228386,0.9057138097617856,,18.596716764198913,35.72988828558945
DAWN,0.9212725020489064,0.9686181293203956,0.8417984224098616,0.9186995882507158,,5.13915558818838,9.135342119162614
NDC-classes,0.9154685731789248,0.8093441530530804,0.7793650793650793,0.7533333333333333,,-11.592360812270375,-3.34012219959266
tags-ask-ubuntu,0.8891454803328951,0.934657820557234,0.7800887685916235,0.837586045144429,,5.118660695131594,7.370606893445148
tags-math-sx,0.9217431591668644,0.9678510238894176,0.8256010107255822,0.9122645828253008,,5.002246478751046,10.497028343455415
threads-ask-ubuntu,0.6405897526854101,0.648981196577502,0.3068191655124653,0.33310417628501066,,1.309955998658144,8.566939007425683
