,PR1,PR2,ROC1,ROC2,/,%PR2,%ROC2
email-Eu,0.9679004245058644,0.9688977466506836,0.9045478426729308,0.9053616230683424,,0.10303974660702678,0.08996543433312104
email-Enron,0.9531198479027853,0.9488844146080206,0.8615136876006442,0.8539989264626946,,-0.4443757313504829,-0.8722741433021844
contact-high-school,0.9840276931230116,0.9841105736670572,0.9510647010647012,0.9512694512694512,,0.008422582476560643,0.021528525296004263
contact-primary-school,0.9887148476322288,0.9887148476322288,0.9652257204730968,0.9652257204730968,,1.1228950665441256e-14,-1.1502211359235131e-14
DAWN,0.9739274877345084,0.9739297176637834,0.9190745771160914,0.9190754763160564,,0.0002289625565654442,9.783754086134083e-05
