,PR1,PR2,ROC1,ROC2,/,%PR2,%ROC2
email-Eu,0.9679004245058644,0.9688977466506836,0.9045478426729308,0.9053616230683424,,0.10303974660702678,0.08996543433312104
email-Enron,0.9531198479027853,0.9488844146080206,0.8615136876006442,0.8539989264626946,,-0.4443757313504829,-0.8722741433021844
