,PR1,PR2,ROC1,ROC2,/,%PR2,%ROC2
email-Eu,0.9679004245058644,0.9688977466506836,0.9045478426729308,0.9053616230683424,,0.10303974660702678,0.08996543433312104
email-Enron,0.9531198479027853,0.9488844146080206,0.8615136876006442,0.8539989264626946,,-0.4443757313504829,-0.8722741433021844
contact-high-school,0.9840276931230116,0.9841105736670572,0.9510647010647012,0.9512694512694512,,0.008422582476560643,0.021528525296004263
contact-primary-school,0.9887148476322288,0.9887148476322288,0.9652257204730968,0.9652257204730968,,1.1228950665441256e-14,-1.1502211359235131e-14
DAWN,0.9739274877345084,0.9739297176637834,0.9190745771160914,0.9190754763160564,,0.00022896255656544413,9.783754086134084e-05
NDC-classes,0.7321137541955121,0.7658210452986887,0.4546031746031746,0.5422222222222223,,4.604105702155,19.273743016759784
tags-ask-ubuntu,0.924272492323542,0.9242871485185176,0.7746682824783361,0.7746867565314616,,0.0015857006561661347,0.002384769525659673
tags-math-sx,0.9584226493581992,0.95848260314265,0.8706969028398956,0.8707912754324899,,0.006255464068063417,0.010838742194506805
threads-ask-ubuntu,0.8598055698861825,0.6953391311586218,0.516776796706679,0.5154934691443521,,-19.128329065062015,-0.24833304639551484
