,PR1,PR2,ROC1,ROC2,/,%PR2,%ROC2
email-Eu,0.9677584024644492,0.9677915478870804,0.9214849445867901,0.921437355089982,,0.0034249687263809237,-0.005164435630501009
email-Enron,0.960312741838114,0.9602443426715386,0.9044551798174986,0.9044551798174988,,-0.007122592838297191,1.227504744733927e-14
contact-high-school,0.9709648441368914,0.984594537110474,0.9248566748566748,0.9613022113022114,,1.4037267215064009,3.9406685853442727
contact-primary-school,0.9809861300568924,0.9773691459042362,0.9490254872563718,0.9520239880059967,,-0.36870900024309655,0.3159557661927179
DAWN,0.9934224357976672,0.9937321768161704,0.9828518745087768,0.9836901873960826,,0.031179184941049057,0.08529391956695725
NDC-classes,0.9596414722775268,0.945610819593078,0.8774603174603175,0.8393650793650793,,-1.462072356163373,-4.341534008683079
tags-ask-ubuntu,0.970539600232756,0.9716552383692316,0.9295718352353954,0.9348490031338972,,0.1149502953004787,0.5676987725392432
tags-math-sx,0.981171305972906,0.9848361950390948,0.9546118044033528,0.9651511126780219,,0.3735218349618015,1.1040412685087782
threads-ask-ubuntu,0.7944590695786455,0.813067362619549,0.4684513504155125,0.5609867940135427,,2.342259501269551,19.753479953884646
