,PR1,PR2,ROC1,ROC2,/,%PR2,%ROC2
email-Eu,0.9677584024644492,0.9677915478870804,0.9214849445867901,0.921437355089982,,0.0034249687263809237,-0.005164435630501009
email-Enron,0.960312741838114,0.9602443426715386,0.9044551798174986,0.9044551798174987,,-0.007122592838297191,1.2275047447339268e-14
