,PR1,PR2,ROC1,ROC2,/,%PR2,%ROC2
email-Eu,0.8669551214589286,0.8847282090278075,0.7499019656365761,0.7849154620178709,,2.0500585473178776,4.669076490761373
email-Enron,0.8204312874149196,0.842807304432132,0.690552871712292,0.7423510466988729,,2.7273480863603607,7.500971628449299
