,PR1,PR2,ROC1,ROC2,/,%PR2,%ROC2
email-Eu,0.8669551214589286,0.8847282090278075,0.7499019656365761,0.7849154620178709,,2.0500585473178776,4.669076490761373
email-Enron,0.8204312874149196,0.8428073044321321,0.690552871712292,0.7423510466988729,,2.7273480863603607,7.5009716284492995
contact-high-school,0.8248629389000335,0.9404235350186072,0.7167280917280918,0.8558558558558559,,14.009672476335911,19.411512641051267
contact-primary-school,0.8776700882794308,0.9465983712876742,0.7557471264367817,0.8727719473596535,,7.853552710605552,15.484653110706992
DAWN,0.9023679269544176,0.9037277454423512,0.8005356084591112,0.8044883622449539,,0.1506944614624297,0.4937636432501795
