,PR1,PR2,ROC1,ROC2,/,%PR2,%ROC2
email-Eu,0.4542177694136093,0.5921790189632913,0.6718842226228838,0.7594232113680339,,30.373371285713592,13.028879946520805
email-Enron,0.2835914683475053,0.3457260597460987,0.4566059993259184,0.564711830131446,,21.909894455095298,23.675954973242327
