,PR1,PR2,ROC1,ROC2,/,%PR2,%ROC2
email-Eu,0.4542177694136093,0.5921790189632913,0.6718842226228838,0.7594232113680339,,30.373371285713592,13.028879946520805
email-Enron,0.2835914683475053,0.3457260597460987,0.4566059993259184,0.5647118301314461,,21.90989445509529,23.675954973242327
contact-high-school,0.38999373499645706,0.8517510244772566,0.5750154486616581,0.8512863043548964,,118.40120700528543,48.045814479638004
contact-primary-school,0.36007554051309737,0.8427798891501737,0.5986214841887812,0.8728150325758779,,134.05641159331077,45.80416099810861
DAWN,0.5751111758376288,0.6859542451153564,0.7876805878234813,0.84338535219756,,19.273329042213206,7.071999137112425
