,PR1,PR2,ROC1,ROC2,/,%PR2,%ROC2
email-Eu,0.4542177694136093,0.5921790189632913,0.6718842226228838,0.7594232113680339,,30.373371285713592,13.028879946520805
email-Enron,0.2835914683475053,0.3457260597460987,0.4566059993259184,0.5647118301314461,,21.90989445509529,23.675954973242327
contact-high-school,0.38999373499645706,0.8517510244772566,0.5750154486616581,0.8512863043548964,,118.40120700528543,48.045814479638004
contact-primary-school,0.36007554051309737,0.8427798891501737,0.5986214841887812,0.8728150325758779,,134.05641159331077,45.80416099810861
DAWN,0.5751111758376288,0.6859542451153564,0.7876805878234813,0.8433853521975601,,19.273329042213206,7.071999137112424
NDC-classes,0.7521442411758162,0.7837387447818013,0.7743182743182744,0.8015873015873016,,4.200591040435781,3.5216819973718763
tags-ask-ubuntu,0.4481459112877772,0.5731653444117192,0.7142016094143646,0.7632889252384781,,27.89703754402005,6.873033493212713
tags-math-sx,0.6124167934666509,0.7752168451979574,0.7878850382507823,0.8701697727629862,,26.583211542870888,10.443748836110393
threads-ask-ubuntu,0.8915342235830687,0.9154017796709747,0.8991004155124654,0.944306055709449,,2.677132908255896,5.02787446396824
