,PR1,PR2,ROC1,ROC2,/,%PR2,%ROC2
email-Eu,0.7548037281425319,0.7651707193867924,0.8702342654546259,0.8714634163400437,,1.3734684736881435,0.1412436781922878
email-Enron,0.5432400311037895,0.5532177799609268,0.7216043141220088,0.732221098752949,,1.8367108986544847,1.4712751050910715
