,PR1,PR2,ROC1,ROC2,/,%PR2,%ROC2
email-Eu,0.7548037281425319,0.7651707193867924,0.8702342654546259,0.8714634163400437,,1.3734684736881435,0.1412436781922878
email-Enron,0.5432400311037895,0.5532177799609268,0.7216043141220088,0.732221098752949,,1.8367108986544851,1.4712751050910715
contact-high-school,0.6753877359811379,0.905099073073241,0.844440107978014,0.9481412820763001,,34.011772031720525,12.280465259590207
contact-primary-school,0.8376279569990667,0.9019286793567232,0.925241008527994,0.956989247311828,,7.67652533805389,3.431347993788525
DAWN,0.7942669479889164,0.8464375429355278,0.902010270468448,0.9111699116966856,,6.568395560045308,1.0154697266895654
NDC-classes,0.3485286682960573,0.3532226753167325,0.5602869352869353,0.5672568172568173,,1.3468065750872078,1.2439843820938978
tags-ask-ubuntu,0.6483194635970031,0.7255185434722496,0.7946998332092835,0.8222692244029297,,11.907567828818676,3.4691577928626343
tags-math-sx,0.7593716695173836,0.8540550631753611,0.8861528222234123,0.9216322595357056,,12.468649734872669,4.003760572953217
threads-ask-ubuntu,0.9026143503764058,0.9403572531105853,0.8935807940904896,0.9494765312403816,,4.181509270093038,6.255252744860537
