,PR1,PR2,ROC1,ROC2,/,%PR2,%ROC2
email-Eu,0.4418097659884807,0.6020768341453666,0.6673982172142552,0.7544476134493799,,36.275130269769676,13.043096908240507
email-Enron,0.27713321174912,0.3490403890486073,0.4559319177620492,0.5677451971688575,,25.946791741649022,24.524117538347827
contact-high-school,0.3973849016140661,0.8513093328431051,0.5756171333788662,0.8516603245845124,,114.22790080481798,47.95604147244118
contact-primary-school,0.3570032133292718,0.8422734069151594,0.6019982520260606,0.8740730441230997,,135.92880272993855,45.19527941839622
DAWN,0.5682450179406163,0.7940720723227952,0.7833118050328247,0.8692565673109556,,39.7411411015272,10.971973322236519
