,PR1,PR2,ROC1,ROC2,/,%PR2,%ROC2
email-Eu,0.4418097659884807,0.6020768341453666,0.6673982172142552,0.7544476134493799,,36.275130269769676,13.043096908240507
email-Enron,0.27713321174912,0.34904038904860735,0.4559319177620492,0.5677451971688575,,25.946791741649022,24.524117538347827
