,PR1,PR2,ROC1,ROC2,/,%PR2,%ROC2
email-Eu,0.7354370402846372,0.7882792366287141,0.807335312179085,0.8174648595736167,,7.1851420923299365,1.2546890048932586
email-Enron,0.6336043667360529,0.6410965956931952,0.7361813279406807,0.7287243006403775,,1.1824774812928989,-1.0129335012017635
contact-high-school,0.8410898886797183,0.8548375322134922,0.8715321820014961,0.8743942498455135,,1.634503483968157,0.3283949695861629
contact-primary-school,0.8500334363231276,0.8651791262303102,0.9059669474018752,0.9090126595688328,,1.7817757819852709,0.3361835854710024
DAWN,0.8961122240459316,0.8961088846238786,0.8832735741229121,0.8832750540175011,,-0.0003726566788607481,0.00016754657133883225
NDC-classes,0.22283084612513213,0.2040117410633228,0.2298026048026048,0.3425417175417175,,-8.445466769551876,49.059110028780154
tags-ask-ubuntu,0.6766684908821405,0.6771594672524591,0.6635728622531981,0.6637540455613902,,0.07255788867581567,0.02730420704319323
tags-math-sx,0.8169235826135977,0.8181931706129334,0.8075202031689579,0.8079949724579926,,0.15541086416846078,0.05879348741635568
threads-ask-ubuntu,0.8670696525219191,0.8671822664195892,0.9246830563250228,0.9250246229609111,,0.012987872121056183,0.03693877956906111
