,PR1,PR2,ROC1,ROC2,/,%PR2,%ROC2
email-Eu,0.7354370402846372,0.7882792366287141,0.807335312179085,0.8174648595736167,,7.1851420923299365,1.2546890048932586
email-Enron,0.6336043667360529,0.6410965956931952,0.7361813279406807,0.7287243006403775,,1.1824774812928989,-1.0129335012017637
