,PR1,PR2,ROC1,ROC2,/,%PR2,%ROC2
email-Eu,0.7354370402846372,0.7882792366287141,0.807335312179085,0.8174648595736167,,7.1851420923299365,1.2546890048932586
email-Enron,0.6336043667360529,0.6410965956931952,0.7361813279406807,0.7287243006403775,,1.1824774812928989,-1.0129335012017635
contact-high-school,0.8410898886797183,0.8548375322134922,0.8715321820014961,0.8743942498455135,,1.634503483968157,0.3283949695861629
contact-primary-school,0.8500334363231276,0.8651791262303102,0.9059669474018752,0.9090126595688328,,1.7817757819852709,0.3361835854710024
DAWN,0.8961122240459316,0.8961088846238786,0.8832735741229121,0.8832750540175011,,-0.00037265667886074823,0.00016754657133883223
