,PR1,PR2,ROC1,ROC2,/,%PR2,%ROC2
email-Eu,0.7578061798522849,0.7552451483452012,0.8922741389633836,0.8831014256264884,,-0.33795336791565395,-1.028015150988434
email-Enron,0.7232094249163146,0.7235401537066101,0.8727249747219413,0.8678800134816312,,0.04573070799425173,-0.5551532705768777
contact-high-school,0.8619217124703158,0.8645340884861394,0.9223338862328032,0.923992584642404,,0.3030873892637455,0.17983708875488508
contact-primary-school,0.8131366233432666,0.8264240534852452,0.9026563906986598,0.9171963557391812,,1.634095644019372,1.6107973300080842
DAWN,0.9657001221318532,0.965916218151081,0.9821630804637028,0.9823065232476785,,0.022377134917487357,0.014604782732007042
