,PR1,PR2,ROC1,ROC2,/,%PR2,%ROC2
email-Eu,0.7578061798522849,0.7552451483452012,0.8922741389633836,0.8831014256264884,,-0.33795336791565395,-1.028015150988434
email-Enron,0.7232094249163146,0.72354015370661,0.8727249747219413,0.8678800134816312,,0.04573070799425173,-0.5551532705768777
