,PR1,PR2,ROC1,ROC2,/,%PR2,%ROC2
email-Eu,0.3701957315390118,0.3747007428864909,0.6182893516061827,0.6274100647448082,,1.2169268750751003,1.475152873801215
email-Enron,0.33512996580076165,0.3327380503173144,0.5048449612403101,0.5102797438490058,,-0.7137277258188449,1.0765250771926944
