,PR1,PR2,PR3,ROC1,ROC2,ROC3,/,%PR2,%PR3,%ROC2,%PR3.1,%ROC3
email-Eu,0.9582109452693,0.971747571159852,0.9745369817654436,0.7146301903114187,0.7957828719723183,0.8093425605536333,,1.4126978988689969,0.2870509470131428,11.355898863653552,,1.7039432562437251
email-Enron,0.920991116332366,0.9561374679403788,0.9561457135609368,0.4479166666666667,0.6041666666666666,0.6041666666666666,,3.816144475744256,0.0008623886035732539,34.88372093023254,,0.0
DAWN,0.96205091257925,0.9673511812850342,0.96690410020991,0.761900290709018,0.8064398225829529,0.8078336162380823,,0.5509343254583134,-0.046217039248342806,5.8458478644872,,0.17283294005313107
NDC-classes,0.9693804717356702,0.9781880724900496,0.985010477396036,0.6755319148936171,0.7712765957446809,0.8351063829787234,,0.9085803780026024,0.6974532912284923,14.173228346456687,,8.275862068965514
tags-ask-ubuntu,0.9503478896774804,0.9632708950587628,0.9666342152853676,0.7222820313485748,0.7599653577810923,0.7614928493610484,,1.3598183908913617,0.3491562180335064,5.217259297197085,,0.20099489592736464
tags-math-sx,0.9713790512658704,0.9807786507331064,0.982081186096354,0.8003912923969485,0.8462345497789158,0.8499507703569065,,0.967655155316234,0.1328062516729758,5.727605712036112,,0.4391478200649677
threads-ask-ubuntu,0.9907875657174056,0.9969717703690384,0.9969687589788108,0.9053504634899984,0.9708245243128965,0.9707919986989755,,0.6241705957578186,-0.000302053710759584,7.231902281300527,,-0.0033503082283582782
