,PR1,PR2,PR3,ROC1,ROC2,ROC3,/,%PR2,%PR3,%ROC2,%PR3.1,%ROC3
email-Eu,0.9582109452693,0.971747571159852,0.9745369817654436,0.7146301903114187,0.7957828719723183,0.8093425605536333,,1.4126978988689969,0.2870509470131428,11.355898863653552,,1.7039432562437251
email-Enron,0.920991116332366,0.9561374679403788,0.9561457135609368,0.4479166666666667,0.6041666666666666,0.6041666666666666,,3.816144475744256,0.0008623886035732539,34.88372093023254,,0.0
