,PR1,PR2,PR3,ROC1,ROC2,ROC3,/,%PR2,%PR3,%ROC2,%PR3.1,%ROC3
email-Eu,0.9849285468213124,0.9843376211339592,0.9854898109727792,0.8707504325259516,0.8678957612456748,0.8759407439446367,,-0.05999680781519912,0.1170523013732538,-0.3278403516832882,,0.9269526431855256
email-Enron,0.9807276633399588,0.9759834701381987,0.9699469106372932,0.8020833333333335,0.7708333333333334,0.7291666666666667,,-0.4837421619783026,-0.6185104241622824,-3.896103896103909,,-5.4054054054054
DAWN,0.983399927918293,0.9858185269427058,0.9819223167788632,0.8763446917964126,0.8889818355640535,0.8503962292373928,,0.2459425667777477,-0.3952259018630834,1.4420289055138935,,-4.340426854973749
NDC-classes,0.9538790938023956,0.9128643516229518,0.9145226114484384,0.5585106382978723,0.425531914893617,0.4095744680851064,,-4.299784159850803,0.1816545714090559,-23.809523809523807,,-3.7499999999999987
tags-ask-ubuntu,0.9716757561750726,0.9801110288947076,0.9801407686925644,0.7736363118339926,0.8301493067671042,0.8311251956002026,,0.8681160012512573,0.003034329476972365,7.3048529481690325,,0.11755582100030428
tags-math-sx,0.9815969837174204,0.9886399759661046,0.988876451873733,0.8558846170182629,0.9043517245624858,0.9046747999425936,,0.7175034525892277,0.0239193147533038,5.66280858196435,,0.035724527452422834
threads-ask-ubuntu,0.9863708192407185,0.9678757092948136,0.98042422771946,0.8612457310131728,0.8696048137908602,0.9238575378110262,,-1.8750666164416527,1.2965010180686514,0.9705804599871536,,6.238779174147233
