,PR1,PR2,PR3,ROC1,ROC2,ROC3,/,%PR2,%PR3,%ROC2,%PR3.1,%ROC3
email-Eu,0.9849285468213124,0.9843376211339592,0.9854898109727792,0.8707504325259516,0.8678957612456748,0.8759407439446367,,-0.05999680781519912,0.1170523013732538,-0.3278403516832882,,0.9269526431855256
email-Enron,0.9807276633399588,0.9759834701381987,0.9699469106372932,0.8020833333333335,0.7708333333333334,0.7291666666666667,,-0.4837421619783026,-0.6185104241622824,-3.896103896103909,,-5.4054054054054
