,PR1,PR2,PR3,ROC1,ROC2,ROC3,/,%PR2,%PR3,%ROC2,%PR3.1,%ROC3
email-Eu,0.9568524139957169,0.9719324421706133,0.9727161943298159,0.7134191176470588,0.7969723183391003,0.7993836505190312,,1.5760035669371044,0.0806385428860094,11.711657092623188,,0.3025615977423257
email-Enron,0.8972067017184204,0.9774610417865808,0.9594044325339781,0.4322916666666666,0.8020833333333335,0.6354166666666667,,8.944910901183547,-1.8472970768839243,85.54216867469887,,-20.779220779220783
