,PR1,PR2,PR3,ROC1,ROC2,ROC3,/,%PR2,%PR3,%ROC2,%PR3.1,%ROC3
email-Eu,0.9568524139957169,0.9719324421706133,0.9727161943298159,0.7134191176470588,0.7969723183391003,0.7993836505190312,,1.5760035669371044,0.0806385428860094,11.711657092623188,,0.3025615977423257
email-Enron,0.8972067017184204,0.9774610417865808,0.9594044325339781,0.4322916666666666,0.8020833333333335,0.6354166666666667,,8.944910901183547,-1.8472970768839243,85.54216867469887,,-20.779220779220786
DAWN,0.9612086950928476,0.9784459170778508,0.9773436234553128,0.7570355484449994,0.8391941767146629,0.8378405425267622,,1.7932861066491077,-0.1126575933629433,10.852677716181582,,-0.16130166598629067
NDC-classes,0.9706295062435836,0.986561835515446,0.98850848709403,0.6968085106382979,0.8484042553191489,0.8696808510638298,,1.6414429161052095,0.19731673256618829,21.75572519083969,,2.507836990595615
tags-ask-ubuntu,0.949990362234693,0.9704161671795448,0.9708221082256079,0.7211033115652369,0.7679270121860146,0.7686139177923507,,2.150106543902575,0.04183164499857086,6.4933415045815694,,0.0894493350846889
tags-math-sx,0.9706267414487396,0.9832437904236734,0.9837725774779564,0.7961673384987971,0.8539413699462667,0.8565027007071592,,1.2998868088161046,0.053779851897675465,7.256518655538505,,0.2999422268362121
threads-ask-ubuntu,0.9884144821343356,0.9967343810253044,0.9968283750910838,0.8813790860302488,0.968043584322654,0.9691169295820458,,0.8417419049752538,0.009430202024603566,9.832828991069443,,0.11087778244434725
