,PR1,PR2,PR3,ROC1,ROC2,ROC3,/,%PR2,%PR3,%ROC2,%PR3.1,%ROC3
email-Eu,0.9779042151512444,0.9778762498129812,0.978222903966355,0.7982050173010381,0.7982050173010379,0.8000216262975778,,-0.0028597216199634373,0.035449695545849334,-1.3908995816377373e-14,,0.22758676745510625
email-Enron,0.9855198732718894,0.9731883661774512,0.9720958709422196,0.84375,0.7291666666666666,0.71875,,-1.2512692467071154,-0.11225938093800296,-13.580246913580256,,-1.4285714285714235
DAWN,0.9858159114500756,0.9858155835978007,0.9866867576053812,0.8580089684057182,0.8580142525461427,0.8673653926197629,,-3.325694694658264e-05,0.08837089026335851,0.0006158607449492884,,1.089858361428239
NDC-classes,0.8873855937426356,0.9104998345864159,0.9075047171822159,0.25531914893617025,0.4361702127659575,0.4308510638297872,,2.6047572787714506,-0.3289530970162664,70.83333333333331,,-1.2195121951219718
tags-ask-ubuntu,0.9520415332197616,0.9520478063714328,0.9520478063714328,0.6096519287687797,0.6096763498865344,0.6096763498865344,,0.0006589157565560947,1.1661420962215976e-14,0.0040057476409549216,,0.0
tags-math-sx,0.9718742565418226,0.9718954646355265,0.9718954646355265,0.7409112741870326,0.741029296221929,0.741029296221929,,0.002182184944309216,0.0,0.015929307463422603,,0.0
threads-ask-ubuntu,0.9977516759060284,0.997746280896588,0.9977435966691848,0.9767441860465116,0.9766791348186696,0.9766466092047487,,-0.0005407166503029903,-0.0002690290562472299,-0.006660006660009183,,-0.0033302251232195917
