,PR1,PR2,PR3,ROC1,ROC2,ROC3,/,%PR2,%PR3,%ROC2,%PR3.1,%ROC3
email-Eu,0.9779042151512444,0.9778762498129812,0.978222903966355,0.7982050173010381,0.7982050173010379,0.8000216262975778,,-0.0028597216199634373,0.035449695545849334,-1.3908995816377373e-14,,0.22758676745510625
email-Enron,0.9855198732718894,0.9731883661774512,0.9720958709422197,0.84375,0.7291666666666666,0.71875,,-1.2512692467071154,-0.11225938093800296,-13.580246913580254,,-1.4285714285714235
