,PR1,PR2,PR3,ROC1,ROC2,ROC3,/,%PR2,%PR3,%ROC2,%PR3.1,%ROC3
email-Eu,0.9883258925744514,0.988328016723517,0.9879553246643508,0.9062716262975778,0.9062716262975778,0.9036115916955018,,0.0002149239518665088,-0.03770934880523418,0.0,,-0.2935140552665449
email-Enron,0.9962897243070616,0.9962897243070616,0.997282037815126,0.9583333333333334,0.9583333333333334,0.96875,,-1.1143575985362468e-14,0.09960089759578357,0.0,,1.0869565217391266
