,PR1,PR2,PR3,ROC1,ROC2,ROC3,/,%PR2,%PR3,%ROC2,%PR3.1,%ROC3
email-Eu,0.9883258925744514,0.988328016723517,0.9879553246643508,0.9062716262975778,0.9062716262975778,0.9036115916955018,,0.0002149239518665088,-0.03770934880523418,0.0,,-0.2935140552665449
email-Enron,0.9962897243070616,0.9962897243070616,0.997282037815126,0.9583333333333334,0.9583333333333334,0.96875,,-1.1143575985362468e-14,0.09960089759578357,0.0,,1.0869565217391266
DAWN,0.998540078706962,0.998568577242576,0.9985686924164112,0.9857768824547029,0.9860701928955138,0.9860695425397692,,0.002854020206274003,1.1533893402170475e-05,0.0297542421648757,,-6.595430520840144e-05
NDC-classes,0.9881552692292164,0.9891972224610358,0.9891972224610358,0.8723404255319149,0.8776595744680851,0.8776595744680851,,0.10544428231732196,-1.122347494934346e-14,0.6097560975609669,,0.0
tags-ask-ubuntu,0.9937994509133838,0.9938365948066584,0.9939960340891908,0.9452666631885076,0.9455939431681122,0.946639888541032,,0.0037375642782298147,0.016042806570580978,0.034623032034221936,,0.11061252882134152
tags-math-sx,0.9956443959052256,0.9955851468494684,0.9956762665405592,0.9595435620593821,0.9590704915723004,0.9601622772573828,,-0.005950825013500999,0.009152375502900684,-0.04930161649633447,,0.1138378977016319
threads-ask-ubuntu,0.9577251015729462,0.9590764799773406,0.9941046917109413,0.6252073507887461,0.646381525451293,0.9530980647259717,,0.1411029534649235,3.6522855543729214,3.3867443554260968,,47.45131585568356
