,PR1,PR2,PR3,ROC1,ROC2,ROC3,/,%PR2,%PR3,%ROC2,%PR3.1,%ROC3
email-Eu,0.9334274151247955,0.9334135065031915,0.9355882062641568,0.6173767301038063,0.6204584775086506,0.6346020761245673,,-0.0014900592567261234,0.23298353257305754,0.4991680532445836,,2.2795399093760547
email-Enron,0.9745112839642608,0.9785311918130756,0.9806260890231105,0.75,0.7916666666666667,0.8020833333333333,,0.41250500789094224,0.2140858899094913,5.555555555555567,,1.3157894736841917
