,PR1,PR2,PR3,ROC1,ROC2,ROC3,/,%PR2,%PR3,%ROC2,%PR3.1,%ROC3
email-Eu,0.9334274151247955,0.9334135065031915,0.9355882062641568,0.6173767301038063,0.6204584775086506,0.6346020761245673,,-0.0014900592567261234,0.23298353257305754,0.4991680532445836,,2.2795399093760547
email-Enron,0.9745112839642608,0.9785311918130756,0.9806260890231104,0.75,0.7916666666666667,0.8020833333333333,,0.41250500789094224,0.2140858899094913,5.555555555555567,,1.3157894736841915
DAWN,0.9593185354394436,0.9593788457355508,0.9591444597177924,0.7422845046240294,0.7423492150206162,0.7423221439627476,,0.006286785241731549,-0.02443101792374499,0.008717735071085503,,-0.003646674276854543
NDC-classes,0.955696244848862,0.9622264203570836,0.9830415064590492,0.5638297872340425,0.6117021276595744,0.8191489361702128,,0.6832898573598829,2.1632212192054627,8.490566037735848,,33.91304347826088
tags-ask-ubuntu,0.950828838787808,0.9516482534677656,0.952283813250192,0.7241192579384359,0.7258091561184089,0.7274441376181788,,0.0861789889547707,0.06678515723750998,0.23337290942712066,,0.2252632783683423
tags-math-sx,0.9679212370345812,0.9685881703589508,0.9690995756873186,0.7787788522476391,0.7821772132429423,0.7847424500045936,,0.06890367716415703,0.05279904752277483,0.4363704773820173,,0.3279610704862822
threads-ask-ubuntu,0.9923231381731508,0.9963185294248688,0.9963335049829435,0.92602049113677,0.9653602211741746,0.9655228492437794,,0.4026300605136991,0.0015030893868219495,4.248256967738558,,0.016846361185978712
