,PR1,PR2,PR3,ROC1,ROC2,ROC3,/,%PR2,%PR3,%ROC2,%PR3.1,%ROC3
email-Eu,0.8804964874900643,0.9630408982426056,0.9719855744057768,0.7624945734751465,0.9148442587367048,0.9244654873019318,,9.374757528884855,0.9287950469698404,19.980428787474423,,1.0516793949729513
email-Enron,0.8479736900614799,0.9602807804028162,0.9540639275606542,0.7057291666666667,0.8932291666666666,0.8541666666666667,,13.244171565416579,-0.6473994865912209,26.568265682656804,,-4.3731778425655845
DAWN,0.9190921029401778,0.9430743604547738,0.94289037661751,0.8424543243637379,0.9038521611155592,0.9037392541355559,,2.609342136427528,-0.01950894277043975,7.287972175606304,,-0.012491753061028423
NDC-classes,0.8110283631593248,0.8361173107153829,0.8279894549673835,0.5809692671394799,0.6471631205673758,0.6507092198581561,,3.0934735079208804,-0.9720951406980374,11.393692777212589,,0.5479452054794787
tags-ask-ubuntu,0.8853956354467517,0.9285172728873528,0.9288055981127216,0.7751305044013023,0.8316751697339188,0.8318033513348435,,4.870324148237165,0.031052219898087062,7.294857448074581,,0.0154124597666862
tags-math-sx,0.92104224818649,0.9590542952298972,0.96022224878527,0.8253650625493396,0.8977152246179649,0.8981653795107758,,4.127068776514,0.12178179704548853,8.765837730658777,,0.050144509134581385
threads-ask-ubuntu,0.9001314180812128,0.9000480421026391,0.9000480421026391,0.7294215326856895,0.7290444981027941,0.7290444981027941,,-0.009262645087024473,0.0,-0.05168953286958456,,0.0
