,PR1,PR2,PR3,ROC1,ROC2,ROC3,/,%PR2,%PR3,%ROC2,%PR3.1,%ROC3
email-Eu,0.8804964874900643,0.9630408982426056,0.9719855744057768,0.7624945734751465,0.9148442587367048,0.9244654873019318,,9.374757528884855,0.9287950469698404,19.980428787474423,,1.0516793949729513
email-Enron,0.8479736900614799,0.9602807804028162,0.9540639275606542,0.7057291666666667,0.8932291666666666,0.8541666666666667,,13.244171565416579,-0.6473994865912209,26.568265682656804,,-4.373177842565585
