,PR1,PR2,PR3,ROC1,ROC2,ROC3,/,%PR2,%PR3,%ROC2,%PR3.1,%ROC3
email-Eu,0.9802748460233256,0.9807652433938026,0.9818888712745164,0.9508899500759714,0.9521027783807252,0.9541648578250488,,0.05002651781450375,0.11456644577102795,0.1275466529703966,,0.2165816013929436
email-Enron,0.9851755406372492,0.979123821101,0.9776917322922665,0.95703125,0.9375,0.9322916666666666,,-0.6142782972803581,-0.14626227836263145,-2.0408163265306123,,-0.5555555555555595
