,PR1,PR2,PR3,ROC1,ROC2,ROC3,/,%PR2,%PR3,%ROC2,%PR3.1,%ROC3
email-Eu,0.9802748460233256,0.9807652433938026,0.9818888712745164,0.9508899500759714,0.9521027783807252,0.9541648578250488,,0.05002651781450375,0.11456644577102795,0.1275466529703966,,0.2165816013929436
email-Enron,0.9851755406372492,0.979123821101,0.9776917322922664,0.95703125,0.9375,0.9322916666666666,,-0.6142782972803581,-0.14626227836263145,-2.0408163265306123,,-0.5555555555555595
DAWN,0.9776906613193362,0.9840769141174712,0.9780820972572476,0.9513852685130686,0.9620273657759628,0.947571250824105,,0.6531976882664502,-0.6091817391732761,1.1185896623695766,,-1.5026719058243898
NDC-classes,0.8534697690717703,0.7934228535466094,0.8080554812151096,0.6536643026004728,0.5756501182033097,0.5957446808510638,,-7.035623018079209,1.844240760534216,-11.93490054249548,,3.4907597535934247
tags-ask-ubuntu,0.9687530906754522,0.9779479030050776,0.977945981409015,0.929810689072792,0.9461136583589768,0.9461079726983512,,0.9491388897881616,-0.00019649268194136366,1.7533643652173998,,-0.0006009490059992882
tags-math-sx,0.9793346272047672,0.9878229573860848,0.98797266282078,0.9559643848044128,0.9718647841707704,0.9718109070884512,,0.8667446187974791,0.015155087617260981,1.6632836556574069,,-0.005543680890265804
threads-ask-ubuntu,0.7019315157910252,0.7586786457638839,0.7585737418414941,0.307263130028799,0.4893588005487057,0.4889817659658103,,8.084425431291377,-0.01382718796364659,59.26375562952811,,-0.07704665420804481
