,PR1,PR2,PR3,ROC1,ROC2,ROC3,/,%PR2,%PR3,%ROC2,%PR3.1,%ROC3
email-Eu,0.8728170388382742,0.9634413233398862,0.9695023704428892,0.7489906663772521,0.9133465378771436,0.9213289559366182,,10.382964638526484,0.6291039169870556,21.94364748159739,,0.873974743258771
email-Enron,0.6053667505723174,0.9674383688924186,0.9318043890410672,0.3294270833333333,0.90234375,0.7981770833333334,,59.81029152621888,-3.683333326147414,173.91304347826093,,-11.54401154401154
