,PR1,PR2,PR3,ROC1,ROC2,ROC3,/,%PR2,%PR3,%ROC2,%PR3.1,%ROC3
email-Eu,0.8728170388382742,0.9634413233398862,0.9695023704428892,0.7489906663772521,0.9133465378771436,0.9213289559366182,,10.382964638526484,0.6291039169870556,21.94364748159739,,0.873974743258771
email-Enron,0.6053667505723174,0.9674383688924186,0.9318043890410672,0.3294270833333333,0.90234375,0.7981770833333334,,59.81029152621888,-3.6833333261474137,173.91304347826093,,-11.544011544011536
DAWN,0.9163944494378704,0.9636244164048604,0.963652656071218,0.8375063420047681,0.9149690404551865,0.9149845374916574,,5.153890554003414,0.002930567747849696,9.249207386894904,,0.0016937224961468362
NDC-classes,0.8328528520788213,0.8455175600248738,0.8511399657028261,0.6229314420803782,0.6826241134751774,0.6932624113475178,,1.520641721336612,0.6649661631849438,9.582542694497171,,1.5584415584415523
tags-ask-ubuntu,0.8831925034763319,0.9319726198535292,0.9322055081851708,0.7706527616054888,0.8317005240823167,0.8317749153275704,,5.523157882929684,0.024988752532054213,7.9215653947243405,,0.00894447497623627
tags-math-sx,0.9174932114158432,0.9620969008242776,0.9623689496847092,0.8177836846488652,0.8976201941923242,0.8979810022414366,,4.8614735077552735,0.02827665905571065,9.762546140516204,,0.0401960708378537
threads-ask-ubuntu,0.8873860714157771,0.8873431225975533,0.8873431225975533,0.6894999879669814,0.6892994376569307,0.6892994376569307,,-0.004839924764114348,0.0,-0.02908633989132612,,0.0
