,PR1,PR2,PR3,ROC1,ROC2,ROC3,/,%PR2,%PR3,%ROC2,%PR3.1,%ROC3
email-Eu,0.9759552729155422,0.9761032104105258,0.9761993557005904,0.9219475797699154,0.9221429346646408,0.9223328630345128,,0.01515822487865736,0.00984991023890634,0.02118937117599526,,0.02059641328174837
email-Enron,0.9807993730407524,0.9807993730407524,0.9807993730407524,0.9322916666666666,0.9322916666666666,0.9322916666666666,,0.0,0.0,0.0,,0.0
DAWN,0.9729711154037328,0.9729684593405976,0.9730496199239732,0.915130449300318,0.9151288244472148,0.9153951784921444,,-0.00027298478784819043,0.0083415430990023,-0.00017755426064331863,,0.029105633853308787
NDC-classes,0.8164236621168268,0.8184323631533549,0.8255323135399681,0.5839243498817968,0.5969267139479906,0.5898345153664303,,0.24603660204064776,0.8675060647965727,2.226720647773273,,-1.1881188118811896
tags-ask-ubuntu,0.9198752283381926,0.9198767087940064,0.9198767087940064,0.7460585505941362,0.7460598294825695,0.7460598294825695,,0.00016094093724154567,1.2069258999727274e-14,0.0001714193118432065,,0.0
tags-math-sx,0.9495731216833144,0.9495872773026786,0.9495872773026786,0.8372473273599119,0.8372620742669676,0.8372620742669676,,0.0014907350514552766,0.0,0.0017613561218785363,,0.0
threads-ask-ubuntu,0.8574168797953965,0.8574168797953965,0.8574168797953965,0.5,0.5,0.5,,0.0,0.0,0.0,,0.0
