,PR1,PR2,PR3,ROC1,ROC2,ROC3,/,%PR2,%PR3,%ROC2,%PR3.1,%ROC3
email-Eu,0.9759552729155422,0.9761032104105258,0.9761993557005904,0.9219475797699154,0.9221429346646408,0.9223328630345128,,0.01515822487865736,0.00984991023890634,0.02118937117599526,,0.02059641328174837
email-Enron,0.9807993730407524,0.9807993730407524,0.9807993730407524,0.9322916666666666,0.9322916666666666,0.9322916666666666,,0.0,0.0,0.0,,0.0
