,PR1,PR2,PR3,ROC1,ROC2,ROC3,/,%PR2,%PR3,%ROC2,%PR3.1,%ROC3
email-Eu,0.9739472377618096,0.973131667633985,0.9741711506787296,0.9345696765791188,0.928510961580204,0.9316583459952243,,-0.08373863554445286,0.1068183350020864,-0.6482892769527967,,0.3389711640737064
email-Enron,0.9685073722421488,0.9704257330030848,0.9730239724611418,0.9192708333333334,0.921875,0.9296875,,0.19807394511565526,0.26774222588023433,0.2832861189801539,,0.847457627118644
