,PR1,PR2,PR3,ROC1,ROC2,ROC3,/,%PR2,%PR3,%ROC2,%PR3.1,%ROC3
email-Eu,0.9739472377618096,0.973131667633985,0.9741711506787296,0.9345696765791188,0.928510961580204,0.9316583459952243,,-0.08373863554445286,0.1068183350020864,-0.6482892769527967,,0.3389711640737064
email-Enron,0.9685073722421488,0.9704257330030848,0.9730239724611418,0.9192708333333334,0.921875,0.9296875,,0.19807394511565526,0.26774222588023433,0.2832861189801539,,0.8474576271186439
DAWN,0.9950828166452144,0.995095944659152,0.9952927658490968,0.9869988394486712,0.9870366375939824,0.9875107087974826,,0.001319288577582969,0.019779116878254743,0.0038296038253161015,,0.04802974737146391
NDC-classes,0.8835561525175646,0.8820311388996495,0.8572117259978385,0.7281323877068557,0.7234042553191489,0.6973995271867613,,-0.17259951317975922,-2.813893048353564,-0.6493506493506503,,-3.59477124183004
tags-ask-ubuntu,0.9756239618583408,0.975659940214945,0.9784633746824328,0.940897295859745,0.9440593475111214,0.9491441616971066,,0.0036877278552745,0.28733725265693066,0.3360676734103132,,0.5386117090403857
tags-math-sx,0.9840677190174744,0.9842540867049441,0.9868526937087896,0.9605786464130938,0.9610973785168274,0.9673520785818122,,0.01893850228677011,0.2640179033998497,0.05400204404612337,,0.6507873400546614
threads-ask-ubuntu,0.8780430945019226,0.8863833900620472,0.8887690195597664,0.6440552877094748,0.7028526276101623,0.7126154167034343,,0.9498731454468888,0.26914194517477913,9.12923797424208,,1.3890236316633553
