,PR1,PR2,PR3,ROC1,ROC2,ROC3,/,%PR2,%PR3,%ROC2,%PR3.1,%ROC3
email-Eu,0.8909903557396197,0.9011818137353051,0.9157312582931536,0.7759849142609073,0.8009767744736271,0.8277593878879965,,1.1438348271711112,1.614484928134814,3.2206631538093107,,3.3437440719763623
email-Enron,0.9441878299877804,0.9534319730993182,0.9729478394420165,0.84375,0.8697916666666667,0.9218749999999999,,0.9790576427634528,2.046907057171383,3.086419753086429,,5.988023952095787
