,PR1,PR2,PR3,ROC1,ROC2,ROC3,/,%PR2,%PR3,%ROC2,%PR3.1,%ROC3
email-Eu,0.8909903557396197,0.9011818137353051,0.9157312582931536,0.7759849142609073,0.8009767744736271,0.8277593878879965,,1.1438348271711112,1.614484928134814,3.2206631538093107,,3.3437440719763623
email-Enron,0.9441878299877804,0.9534319730993182,0.9729478394420163,0.84375,0.8697916666666667,0.921875,,0.9790576427634528,2.046907057171383,3.086419753086429,,5.988023952095787
DAWN,0.8992481055755281,0.9004223599243112,0.9012904210965472,0.7989527821750365,0.8009668485283503,0.8026214973752529,,0.13058179844944,0.09640599910347784,0.2520882833439533,,0.20658143966167133
NDC-classes,0.8103469187631628,0.8088326845159914,0.6629508579142858,0.5579196217494089,0.5579196217494089,0.5472813238770685,,-0.1868624674333959,-18.036094410428273,1.9899336415950905e-14,,-1.9067796610169423
tags-ask-ubuntu,0.8655682185482568,0.8731786287795601,0.8752151700032973,0.7283099289045889,0.7412050457233432,0.7438111198887029,,0.8792386397998246,0.233233058690828,1.7705534837550774,,0.3515996255552141
tags-math-sx,0.8867998976582818,0.897856310368945,0.9026172052863696,0.7502625791468022,0.7722948617518979,0.7805820680229798,,1.2467764982674383,0.5302513177713672,2.9366095574366655,,1.0730624637697277
threads-ask-ubuntu,0.9144194030847494,0.9142557733425991,0.914255773342599,0.7904409700217396,0.7898393190915873,0.7898393190915873,,-0.01789438649250592,-1.214346200479636e-14,-0.07611585848539079,,0.0
