,PR1,PR2,PR3,ROC1,ROC2,ROC3,/,%PR2,%PR3,%ROC2,%PR3.1,%ROC3
email-Eu,0.803972021398029,0.9152876438419542,0.967306749484881,0.6620116127631864,0.8317180377686129,0.9077002387670936,,13.845708492486851,5.683361508582673,25.63496194531764,,9.135572098728401
email-Enron,0.7586757971755259,0.8846042012425971,0.9656948019895015,0.5794270833333333,0.8020833333333334,0.9036458333333334,,16.598447523420415,9.166879451058119,38.42696629213486,,12.662337662337661
