,PR1,PR2,PR3,ROC1,ROC2,ROC3,/,%PR2,%PR3,%ROC2,%PR3.1,%ROC3
email-Eu,0.803972021398029,0.9152876438419542,0.967306749484881,0.6620116127631864,0.8317180377686129,0.9077002387670936,,13.845708492486851,5.683361508582673,25.63496194531764,,9.135572098728401
email-Enron,0.7586757971755259,0.8846042012425971,0.9656948019895016,0.5794270833333333,0.8020833333333334,0.9036458333333334,,16.598447523420415,9.16687945105812,38.42696629213486,,12.662337662337661
DAWN,0.8895133151383211,0.9471709925421004,0.9642470190567298,0.7958433617235792,0.8987967759664728,0.9071200047445712,,6.4819352810714665,1.80284517252786,12.93639165625817,,0.9260412365351874
NDC-classes,0.7890483409882283,0.7962036676405398,0.8113899934083492,0.4994400895856664,0.5095184770436729,0.5240761478163494,,0.9068299469903208,1.9073418504604704,2.0179372197309284,,2.8571428571428723
tags-ask-ubuntu,0.8264996641803233,0.8853645994776941,0.8865283407367032,0.7345959351994935,0.8016739339887098,0.8022706972299429,,7.122197122215371,0.13144203638767776,9.131278240874009,,0.07443964633651917
tags-math-sx,0.9355729463585069,0.9550103221742124,0.9594705692916424,0.8746389346694008,0.9077992672529692,0.910526819396442,,2.0775906241582547,0.4670365349848266,3.791316767312946,,0.3004576277888414
threads-ask-ubuntu,0.9220460173291845,0.6835450657250344,0.6835450657250344,0.7886560722622877,0.4518438595506069,0.45184385955060685,,-25.8664911643994,0.0,-42.707109544661606,,-1.228547208464178e-14
