,PR1,PR2,PR3,ROC1,ROC2,ROC3,/,%PR2,%PR3,%ROC2,%PR3.1,%ROC3
email-Eu,0.9910202119988272,0.99093312091215,0.9917576944943836,0.9738604297807684,0.9735728239635336,0.9749782939005859,,-0.008788023253480538,0.08321182982303765,-0.02953254988493393,,0.14436207569255408
email-Enron,0.920332245293737,0.9486875872034836,0.9503290447124594,0.8020833333333334,0.84375,0.8463541666666667,,3.080989724607187,0.1730240314216047,5.19480519480519,,0.3086419753086508
