,PR1,PR2,PR3,ROC1,ROC2,ROC3,/,%PR2,%PR3,%ROC2,%PR3.1,%ROC3
email-Eu,0.7969315922743576,0.8846375329991476,0.9665530128159532,0.65480518775776,0.8201134143694377,0.9055404818754068,,11.005454116141463,9.259778922005594,25.24540576377233,,10.41649435421705
email-Enron,0.7566925192195779,0.8842931358788193,0.9614753224795818,0.578125,0.81640625,0.8880208333333334,,16.862941474675008,8.728122323833041,41.21621621621622,,8.771929824561408
