,PR1,PR2,PR3,ROC1,ROC2,ROC3,/,%PR2,%PR3,%ROC2,%PR3.1,%ROC3
email-Eu,0.7969315922743576,0.8846375329991476,0.9665530128159532,0.65480518775776,0.8201134143694377,0.9055404818754068,,11.005454116141463,9.259778922005594,25.24540576377233,,10.41649435421705
email-Enron,0.7566925192195779,0.8842931358788193,0.9614753224795818,0.578125,0.81640625,0.8880208333333334,,16.862941474675008,8.728122323833041,41.21621621621622,,8.771929824561408
DAWN,0.8894877631596482,0.9607279620648984,0.9663812431015152,0.7955585452852653,0.9054541850325843,0.9109578671528228,,8.009126359669077,0.5884372329984061,13.813645821366125,,0.6078366206944275
NDC-classes,0.7655083629007304,0.7780995465321323,0.8317829439497963,0.4540873460246361,0.4764837625979843,0.6175811870100784,,1.6448133347218157,6.89929683893565,4.932182490752152,,29.612220916568745
tags-ask-ubuntu,0.8271631421994678,0.9065881495540256,0.9083628261077262,0.7345371217398553,0.8053171866734895,0.8057273631739609,,9.602097011160671,0.19575333679065648,9.636009241572651,,0.05093353367580297
tags-math-sx,0.9339382059222998,0.9640032432364972,0.9655258641592324,0.8713243363400651,0.9145765235601546,0.916429195854082,,3.2191677268954884,0.1579476971076652,4.963959505798631,,0.20257159966401936
threads-ask-ubuntu,0.6388361371550383,0.7118934245994842,0.7118934245994842,0.2474389725406516,0.469636683058312,0.469636683058312,,11.435997933647855,0.0,89.7989949748743,,0.0
