,PR1,PR2,PR3,ROC1,ROC2,ROC3,/,%PR2,%PR3,%ROC2,%PR3.1,%ROC3
email-Eu,0.9769515061545124,0.9769515061545124,0.9769515061545124,0.9191176470588236,0.9191176470588236,0.9191176470588236,,-1.136415694772025e-14,-1.136415694772025e-14,0.0,,0.0
email-Enron,0.978693181818182,0.978693181818182,0.9786931818181819,0.921875,0.921875,0.921875,,-1.134393337207707e-14,-1.134393337207707e-14,0.0,,0.0
