,PR1,PR2,PR3,ROC1,ROC2,ROC3,/,%PR2,%PR3,%ROC2,%PR3.1,%ROC3
email-Eu,0.9769515061545124,0.9769515061545124,0.9769515061545124,0.9191176470588236,0.9191176470588236,0.9191176470588236,,-1.136415694772025e-14,-1.136415694772025e-14,0.0,,0.0
email-Enron,0.978693181818182,0.978693181818182,0.978693181818182,0.921875,0.921875,0.921875,,-1.134393337207707e-14,-1.134393337207707e-14,0.0,,0.0
DAWN,0.9806974415005008,0.9806974415005008,0.9806974415005008,0.9324410452517526,0.9324410452517526,0.9324410452517526,,0.0,0.0,0.0,,0.0
NDC-classes,0.9050612508059318,0.9050612508059316,0.9050612508059316,0.6702127659574468,0.6702127659574468,0.6702127659574468,,-1.2266827506276884e-14,1.2266827506276888e-14,0.0,,0.0
tags-ask-ubuntu,0.9311079586037754,0.9311079586037754,0.9311079586037754,0.7588710943633223,0.7588710943633223,0.7588710943633223,,0.0,0.0,0.0,,0.0
tags-math-sx,0.9568696031710552,0.9568696031710552,0.9568696031710552,0.8490288606209822,0.8490288606209822,0.8490288606209822,,1.1602657467076913e-14,1.1602657467076913e-14,0.0,,0.0
threads-ask-ubuntu,0.8574168797953965,0.8574168797953965,0.8574168797953965,0.5,0.5,0.5,,0.0,0.0,0.0,,0.0
