,PR1,PR2,PR3,ROC1,ROC2,ROC3,/,%PR2,%PR3,%ROC2,%PR3.1,%ROC3
email-Eu,0.95034736709433,0.9530898215791608,0.9546844471026552,0.8654059040590406,0.8726177555893206,0.8757488604297808,,0.28857390253166265,0.16731114816148254,0.8333490095750512,,0.3588174570600631
email-Enron,0.963526818118038,0.9949991109530584,0.9949991109530584,0.9114583333333331,0.984375,0.984375,,3.266363970697984,-1.1158030317853563e-14,8.000000000000023,,0.0
DAWN,0.9657899437928841,0.9658092538337852,0.9657959313734298,0.9049925033339956,0.9049940469444434,0.9050463469037002,,0.001999403806736888,-0.0013794090605960415,0.00017056610326709844,,0.005779039037151717
NDC-classes,0.9391297090932992,0.9088534827390082,0.959169222104988,0.8544232922732363,0.812989921612542,0.8756998880179171,,-3.2238599270298463,5.536177208051544,-4.849279161205769,,7.7134986225895235
tags-ask-ubuntu,0.9136917605689188,0.9136578078670512,0.9116917738192516,0.8162777073875529,0.8161672453251619,0.8105891808195702,,-0.003715990811421549,-0.21518275560841013,-0.013532411995468457,,-0.6834462590286163
tags-math-sx,0.9440894738342958,0.944290775445476,0.9451780732431754,0.8651982536293998,0.8655709960311291,0.8670163449525395,,0.02132230225622461,0.0939644673835526,0.04308173302080005,,0.16698213411005755
threads-ask-ubuntu,0.8818702325719279,0.8742047183614661,0.9989784200211239,0.6457960644007157,0.6260378478545129,0.9964221824686941,,-0.8692338087096706,14.272824092453185,-3.059513310062981,,59.16324961558173
