,PR1,PR2,PR3,ROC1,ROC2,ROC3,/,%PR2,%PR3,%ROC2,%PR3.1,%ROC3
email-Eu,0.95034736709433,0.9530898215791608,0.9546844471026552,0.8654059040590406,0.8726177555893206,0.8757488604297808,,0.28857390253166265,0.16731114816148254,0.8333490095750512,,0.3588174570600631
email-Enron,0.963526818118038,0.9949991109530584,0.9949991109530583,0.9114583333333331,0.984375,0.984375,,3.266363970697984,-1.1158030317853563e-14,8.000000000000023,,0.0
