,PR1,PR2,PR3,ROC1,ROC2,ROC3,/,%PR2,%PR3,%ROC2,%PR3.1,%ROC3
email-Eu,0.7892011737266168,0.8035737778646823,0.844733390299123,0.6584572389841545,0.6774636422834817,0.7257814195789016,,1.8211584848762847,5.122070128247978,2.8865053300423207,,7.1321579904359815
email-Enron,0.9194050946608768,0.9282791543326692,0.9380096714394734,0.7864583333333334,0.8046875,0.8255208333333333,,0.9651958340589288,1.0482317804281036,2.3178807947019817,,2.5889967637540363
DAWN,0.905234208357968,0.9067458223300356,0.9100021745085732,0.8095955090685083,0.8115859338091715,0.8155387139531417,,0.16698595326059573,0.35912513720435313,0.24585422206125565,,0.4870439443692449
NDC-classes,0.8233260003024425,0.8235746877851727,0.8235746877851727,0.5403135498320268,0.5397536394176932,0.5397536394176932,,0.0302052264399352,0.0,-0.10362694300517557,,0.0
tags-ask-ubuntu,0.8360865391182691,0.8479103646916053,0.8511027703184237,0.7461228494065726,0.7569209744020465,0.7591448458253771,,1.4141868120261196,0.3765027247873723,1.4472315120843993,,0.2938049675644525
tags-math-sx,0.924988844263234,0.9286488843614058,0.930439738715145,0.8546595185917216,0.8615618604800853,0.8645362566685022,,0.3956847826729492,0.19284515212341588,0.8076130597289941,,0.3452330383751517
threads-ask-ubuntu,0.9476618538756169,0.9537162539552956,0.9537162539552957,0.8747683643918913,0.8932751470033774,0.8932751470033774,,0.6388776814132998,1.1641020272232846e-14,2.115620930616456,,0.0
