,PR1,PR2,PR3,ROC1,ROC2,ROC3,/,%PR2,%PR3,%ROC2,%PR3.1,%ROC3
email-Eu,0.7892011737266168,0.8035737778646823,0.844733390299123,0.6584572389841545,0.6774636422834817,0.7257814195789016,,1.8211584848762847,5.122070128247978,2.8865053300423207,,7.1321579904359815
email-Enron,0.9194050946608768,0.9282791543326692,0.9380096714394734,0.7864583333333334,0.8046875,0.8255208333333333,,0.9651958340589288,1.0482317804281036,2.3178807947019817,,2.588996763754036
