,PR1,PR2,PR3,ROC1,ROC2,ROC3,/,%PR2,%PR3,%ROC2,%PR3.1,%ROC3
email-Eu,0.2370546378537517,0.4853976072310728,0.8465328222934293,0.7559599288508811,0.8819769630924765,0.9274923830627012,,104.76191127318657,74.39987541810001,16.669803442247428,,5.160613244435992
email-Enron,0.272473261872345,0.38516590785562266,0.9027820728308732,0.7535714285714286,0.8201388888888889,0.957936507936508,,41.35915766886319,134.38784545003818,8.83359662980516,,16.801741865247376
DAWN,0.2085106999592901,0.3572977261944213,0.6937592612272497,0.7742967851062715,0.8668528017138951,0.8906010867829981,,71.35702209247802,94.16839525302349,11.953558168902942,,2.739598351894248
NDC-classes,0.07609029528973636,0.18189972995969544,0.7928049502894139,0.34592575826165683,0.4494794024445449,0.8904028972385695,,139.05772643811972,335.8472387315145,29.935222142249568,,98.09648504381107
tags-ask-ubuntu,0.18385432118238665,0.27256949079427306,0.3701847270934368,0.7704925063864783,0.8023701460038081,0.8061961714229258,,48.252969547492675,35.812972323025186,4.137306898263332,,0.4768404505293667
tags-math-sx,0.4702578304826817,0.5910570755438846,0.6824695778256866,0.8753989859650348,0.9132941632817264,0.9158939769025752,,25.687875295391088,15.465934858775716,4.328903497062671,,0.2846633347033624
threads-ask-ubuntu,0.08961463295020236,0.12104565136375342,0.12104565136375342,0.206187747672273,0.5059026623548394,0.5059026623548394,,35.073533617011925,0.0,145.36019626100722,,0.0
