,PR1,PR2,PR3,ROC1,ROC2,ROC3,/,%PR2,%PR3,%ROC2,%PR3.1,%ROC3
email-Eu,0.2370546378537517,0.4853976072310728,0.8465328222934293,0.7559599288508811,0.8819769630924765,0.9274923830627012,,104.76191127318657,74.39987541810001,16.669803442247428,,5.160613244435992
email-Enron,0.272473261872345,0.38516590785562266,0.9027820728308733,0.7535714285714286,0.8201388888888889,0.957936507936508,,41.35915766886319,134.38784545003818,8.83359662980516,,16.801741865247376
