,PR1,PR2,PR3,ROC1,ROC2,ROC3,/,%PR2,%PR3,%ROC2,%PR3.1,%ROC3
email-Eu,0.5146326202736543,0.6357265748125265,0.6572228713617032,0.8715019431845723,0.8801841697538345,0.9001818760170343,,23.53017468548357,3.381374540700286,0.9962372014382797,,2.2719911298555395
email-Enron,0.6641412017689978,0.6804545706970104,0.6808418357875584,0.9223214285714284,0.9215277777777778,0.9220238095238096,,2.4563103274665883,0.056912703246492426,-0.08604926320315946,,0.05382710733125183
DAWN,0.4352278198574323,0.5062858737785112,0.5394909347052325,0.8384944509235461,0.8662943860106647,0.8372956741129622,,16.326634162392327,6.5585596293464326,3.3154584453717906,,-3.3474431285700867
NDC-classes,0.297333987617177,0.26929906315135005,0.25728999013521914,0.5437075599818921,0.5844726120416478,0.6156631960162969,,-9.42876550726602,-4.459381653838743,7.497606261188152,,5.3365347378204575
tags-ask-ubuntu,0.3837042371644247,0.4684020711005735,0.472463149800084,0.7327355447715763,0.8077824462653141,0.7787048507977015,,22.0737291206545,0.8670069903765362,10.24201733206938,,-3.5996815234162964
tags-math-sx,0.5599637591904333,0.6387755757900476,0.6741775722951838,0.8700396585857092,0.8962933657153102,0.8955877255612698,,14.074449516796658,5.542165018026941,3.0175299333225216,,-0.07872870435420935
threads-ask-ubuntu,0.7052656122176215,0.929534863324906,0.931121919854895,0.8332912206404075,0.9935551567392801,0.9937123988094438,,31.799260763912372,0.17073663319223936,19.23264425799484,,0.015826204423296818
