,PR1,PR2,PR3,ROC1,ROC2,ROC3,/,%PR2,%PR3,%ROC2,%PR3.1,%ROC3
email-Eu,0.5146326202736543,0.6357265748125265,0.6572228713617032,0.8715019431845723,0.8801841697538345,0.9001818760170343,,23.53017468548357,3.381374540700286,0.9962372014382797,,2.2719911298555395
email-Enron,0.6641412017689978,0.6804545706970104,0.6808418357875584,0.9223214285714284,0.9215277777777778,0.9220238095238096,,2.4563103274665883,0.05691270324649242,-0.08604926320315946,,0.05382710733125183
