,PR1,PR2,PR3,ROC1,ROC2,ROC3,/,%PR2,%PR3,%ROC2,%PR3.1,%ROC3
email-Eu,0.2331401834452351,0.4114364288922941,0.8452010994546553,0.7516509495204792,0.8781658977599279,0.9281598388325312,,76.4759823091333,105.42689954075804,16.831608916367355,,5.692995047989272
email-Enron,0.2656631049573239,0.3192603830509145,0.8350622561356387,0.7383432539682541,0.8298611111111112,0.9378472222222223,,20.174904641802033,161.56150291984898,12.395028552233784,,13.012552301255232
