,PR1,PR2,PR3,ROC1,ROC2,ROC3,/,%PR2,%PR3,%ROC2,%PR3.1,%ROC3
email-Eu,0.9298165895571712,0.9298165895571712,0.9298165895571712,0.9227941176470588,0.9227941176470588,0.9227941176470588,,0.0,0.0,1.2031102099523608e-14,,1.2031102099523608e-14
email-Enron,0.9432636887608068,0.9432636887608068,0.9432636887608068,0.9375,0.9375,0.9375,,1.1770017629785887e-14,1.1770017629785887e-14,0.0,,0.0
DAWN,0.9406686366533404,0.9406686366533404,0.9406686366533404,0.9347355003186744,0.9347355003186744,0.9347355003186744,,-1.180248794703146e-14,-1.180248794703146e-14,0.0,,0.0
NDC-classes,0.7098646034816247,0.7098646034816247,0.7098646034816247,0.6808510638297872,0.6808510638297872,0.6808510638297872,,0.0,0.0,0.0,,0.0
tags-ask-ubuntu,0.7841111517310492,0.7841111517310492,0.7841111517310492,0.7625215889464594,0.7625215889464594,0.7625215889464594,,0.0,0.0,0.0,,0.0
tags-math-sx,0.8637482747043682,0.8637482747043682,0.8637482747043682,0.8501231021748051,0.8501231021748051,0.8501231021748051,,0.0,0.0,-1.3059555984126976e-14,,-1.3059555984126976e-14
threads-ask-ubuntu,0.5454841334418227,0.5454841334418227,0.5454841334418227,0.5,0.5,0.5,,0.0,0.0,0.0,,0.0
