,PR1,PR2,PR3,ROC1,ROC2,ROC3,/,%PR2,%PR3,%ROC2,%PR3.1,%ROC3
email-Eu,0.9298165895571712,0.9298165895571712,0.9298165895571712,0.9227941176470588,0.9227941176470588,0.9227941176470588,,0.0,0.0,1.2031102099523608e-14,,1.2031102099523608e-14
email-Enron,0.9432636887608068,0.9432636887608068,0.9432636887608069,0.9375,0.9375,0.9375,,1.1770017629785887e-14,1.1770017629785889e-14,0.0,,0.0
