,PR1,PR2,PR3,ROC1,ROC2,ROC3,/,%PR2,%PR3,%ROC2,%PR3.1,%ROC3
email-Eu,0.4328412587886889,0.7932912020516126,0.8017798148200859,0.8570575684658794,0.923902901360662,0.9303281774746388,,83.27531998027334,1.0700500328908171,7.7993982381410625,,0.6954492841741611
email-Enron,0.5508498489215978,0.9064546138100352,0.9042593696408024,0.8910714285714286,0.9862103174603174,0.9856150793650792,,64.5556616897703,-0.24217915996982786,10.67690937430415,,-0.06035610099587546
DAWN,0.7767878189081983,0.7855970863225321,0.7802246087553615,0.9146872316199663,0.914345683435557,0.9124105922548938,,1.1340635370306889,-0.6838718804724442,-0.03734043426018351,,-0.2116367163666428
NDC-classes,0.654759457839295,0.6495224361314369,0.8232321961961014,0.9019013128112268,0.9029425079221368,0.9423268447261204,,-0.7998390317476703,26.74422782056335,0.11544446117552895,,4.361776797352837
tags-ask-ubuntu,0.459574638369856,0.4613066805513641,0.4583287178398967,0.8185919461620572,0.8195971143789784,0.81941142863223,,0.3768794091100746,-0.6455494440072087,0.1227923413654268,,-0.022655734566497755
tags-math-sx,0.6130364813409332,0.6173411698321875,0.6189587544371739,0.8784375230878549,0.880938703801582,0.8817474365780772,,0.7021912434702563,0.2620244176208286,0.2847306322861756,,0.09180352424126603
threads-ask-ubuntu,0.4820678415286948,0.7167815390287313,0.967826442072604,0.6185453090943561,0.927015981046406,0.9892708707623903,,48.688934892593394,35.02390747731156,49.870343759246595,,6.715622059256365
