,PR1,PR2,PR3,ROC1,ROC2,ROC3,/,%PR2,%PR3,%ROC2,%PR3.1,%ROC3
email-Eu,0.4328412587886889,0.7932912020516126,0.8017798148200859,0.8570575684658794,0.923902901360662,0.9303281774746388,,83.27531998027334,1.0700500328908171,7.7993982381410625,,0.6954492841741611
email-Enron,0.5508498489215978,0.9064546138100352,0.9042593696408023,0.8910714285714286,0.9862103174603174,0.9856150793650793,,64.5556616897703,-0.24217915996982783,10.67690937430415,,-0.06035610099587546
