,PR1,PR2,PR3,ROC1,ROC2,ROC3,/,%PR2,%PR3,%ROC2,%PR3.1,%ROC3
email-Eu,0.208874975813719,0.2560739842182396,0.4861496801339712,0.7497238860229201,0.7971513303673442,0.8643089144133226,,22.596775042413,89.84735275554155,6.325988170926999,,8.424696978807116
email-Enron,0.35380593955870115,0.3853214394606779,0.50380251996076,0.8408730158730159,0.8489087301587301,0.8943452380952381,,8.907566656819203,30.748634352118142,0.9556394525719644,,5.3523431109033615
