,PR1,PR2,PR3,ROC1,ROC2,ROC3,/,%PR2,%PR3,%ROC2,%PR3.1,%ROC3
email-Eu,0.208874975813719,0.2560739842182396,0.4861496801339712,0.7497238860229201,0.7971513303673442,0.8643089144133226,,22.596775042413,89.84735275554155,6.325988170926999,,8.424696978807116
email-Enron,0.35380593955870115,0.3853214394606779,0.50380251996076,0.8408730158730159,0.8489087301587301,0.8943452380952381,,8.907566656819203,30.748634352118145,0.9556394525719644,,5.3523431109033615
DAWN,0.2840866233919927,0.2938569517537061,0.3815760347928936,0.7789356960322307,0.7822412809366953,0.8020082843135463,,3.439207466038249,29.85094703926168,0.4243719887665624,,2.5269701124927835
NDC-classes,0.11234251259970554,0.14916749493109024,0.1634947935793585,0.386441828881847,0.3937528293345406,0.4105024898143957,,32.77920484349326,9.604839616624878,1.891876061617768,,4.2538514601057615
tags-ask-ubuntu,0.20398678047733315,0.2431649505520559,0.27282883935458946,0.7830188592319927,0.7950401836164167,0.8006733609682498,,19.206229924824072,12.199080803046582,1.5352534926444692,,0.7085399540699125
tags-math-sx,0.4315733507644133,0.4528279740966418,0.4852770449897209,0.8650121365996167,0.8817522639217532,0.8876414246591734,,4.924915612741574,7.165871533845179,1.93524768195072,,0.6678928967221557
threads-ask-ubuntu,0.5960555085632866,0.6072186133091368,0.6072186133091368,0.8279419478929883,0.8756894152068133,0.8756894152068133,,1.872829725667236,0.0,5.767006664577942,,0.0
